Name,Web of Science Documents,Times Cited,Rank,% Docs Cited,Category Normalized Citation Impact,International Collaborations,All Open Access Documents,% First Author (2008-2022),% Global Baseline (Docs),% Documents in Top 1%,% International Collaborations,Gold Documents,% Last Author (2008-2022),% Global Baseline (Cites),Citation Impact,% Documents in Top 10%,% Industry Collaborations,Gold - Hybrid Documents,% Baseline for All Items (Docs),Average Percentile,% Highly Cited Papers,Location Type,Free to Read Documents,Industry Collaborations,% Baseline for All Items (Cites),Highly Cited Papers,Impact Relative to World,Domestic Collaborations,% Baseline for Pinned Items (Docs),Green Submitted Documents,% Hot Papers,Green Accepted Documents,% Domestic Collaborations,% Baseline for Pinned Items (Cites),Documents in JIF Journals,Green Published Documents,Documents in Q1 Journals,Green Only Documents,Citations From Patents,Documents in Q2 Journals,Non-Open Access Documents,Documents in Q3 Journals,% All Open Access Documents,Documents in Q4 Journals,% Gold Documents,% Documents in Q1 Journals,% Gold - Hybrid Documents,% Documents in Q2 Journals,% Free to Read Documents,% Documents in Q3 Journals,% Green Submitted Documents,% Documents in Q4 Journals,% Green Accepted Documents,% Green Published Documents,Documents in Top 1%,Documents in Top 10%,% Green Only Documents,Hot Papers,% Non-Open Access Documents
Global Baseline,3590286,11313089,n/a,58.36,0.9640003196124209,820788,1672833,n/a,100,1.09,22.86,924183,n/a,100,3.1510272440691356,8.96,1.87,225027,n/a,35.50257049407763,0.66,,223757,67204,n/a,23568,1.0,1216607,n/a,282457,0.06,134419,33.89,n/a,2831105,881259,1289275,299866,1189,823078,1917453,431710,46.59,287042,25.74,45.54,6.27,29.07,6.23,15.25,7.87,10.14,3.74,24.55,39215,321818,8.35,2310,53.41
Baseline for All Items,3437096,11263605,n/a,60.65,0.980797289834209,820788,1641902,n/a,n/a,1.1,23.88,915629,n/a,n/a,3.277070236036468,9.22,1.96,223050,100,36.79738047232315,0.68,,206102,67204,100,23515,1.0400006036776008,1216607,n/a,280621,0.07,132979,35.4,n/a,2742996,871098,1240127,297121,1176,810905,1795194,424458,47.77,267506,26.64,45.21,6.49,29.56,6.0,15.47,8.16,9.75,3.87,25.34,37942,317002,8.64,2295,52.23
CHINA MAINLAND,729778,3573349,1,74.22,1.146681034917468,175643,289400,92.75,20.326458672094645,1.64,24.07,207477,85.12,31.58597090502868,4.8964876989988735,12.65,2.15,18719,21.232400840709715,45.628290555758056,1.26,Country/Region,24471,15699,31.72473644095296,9197,1.553933787216548,309782,n/a,38043,0.13,9751,42.45,n/a,667265,153926,325941,38733,301,190031,440378,97900,39.66,53393,28.43,48.85,2.57,28.48,3.35,14.67,5.21,8.0,1.34,21.09,11972,92299,5.31,955,60.34
USA,813662,2915205,2,58.81,1.2416086032037874,290637,386343,77.87,22.66287421113527,1.63,35.72,150951,68.4,25.768426289230113,3.58282063067957,11.35,3.47,48598,23.67294948991823,37.90001932178227,0.97,Country/Region,78690,28245,25.88163381084475,7854,1.1370325780023502,238575,n/a,85754,0.12,56925,29.32,n/a,675090,201667,366300,108104,449,176896,427319,90830,47.48,41064,18.55,54.26,5.97,26.2,9.67,13.45,10.54,6.08,7.0,24.79,13273,92348,13.29,945,52.52
UNITED KINGDOM,263026,1165717,3,62.48,1.468916416628014,153832,173787,62.76,7.326045891608635,2.06,58.49,56634,52.05,10.3041441643392,4.4319458912807095,13.47,3.82,43525,7.652564839620424,41.300872339996815,1.34,Country/Region,21055,10050,10.349412998769045,3518,1.4065082742850032,37664,n/a,46077,0.19,57981,14.32,n/a,217460,95217,121500,52573,110,59643,89239,25360,66.07,10957,21.53,55.87,16.55,27.43,8.0,11.66,17.52,5.04,22.04,36.2,5421,35431,19.99,503,33.93
ENGLAND,231235,1048625,4,62.7,1.5052962220252124,135192,152626,61.11,6.440573257952152,2.14,58.47,49588,50.61,9.26913065034669,4.534888749540511,13.72,4.05,38662,6.727627043294689,41.60315649836747,1.39,Country/Region,18824,9375,9.309852396279876,3215,1.4391778928843222,34963,n/a,41689,0.2,49092,15.12,n/a,191886,84287,107693,45552,94,52277,78609,22334,66.0,9582,21.44,56.12,16.72,27.24,8.14,11.64,18.03,4.99,21.23,36.45,4953,31724,19.7,466,34.0
GERMANY (FED REP GER),206085,847933,5,65.68,1.29147912317733,113519,125858,67.66,5.740071960841003,1.73,55.08,51050,59.75,7.495150086771172,4.114481888541136,12.02,5.19,37378,5.995904682324847,41.72563657228814,1.13,Country/Region,12651,10686,7.528078266238918,2333,1.3057589064916577,38436,n/a,31457,0.16,12301,18.65,n/a,174073,75313,86970,24779,88,50059,80227,19706,61.07,17338,24.77,49.96,18.14,28.76,6.14,11.32,15.26,9.96,5.97,36.54,3573,24778,12.02,329,38.93
ITALY,153207,678684,6,67.63,1.3865366119041558,74729,91334,72.27,4.267264502048026,1.86,48.78,46603,64.92,5.999104223435349,4.429849811039966,13.46,2.74,15340,4.457454781594695,44.06331740064097,1.22,Country/Region,11762,4195,6.02545987718852,1867,1.405843068915964,41744,n/a,19996,0.13,6828,27.25,n/a,128998,59533,63721,17629,43,41897,61873,15626,59.61,7754,30.42,49.4,10.01,32.48,7.68,12.11,13.05,6.01,4.46,38.86,2845,20619,11.51,201,40.39
INDIA,186645,667731,7,62.58,0.9119892116049185,50875,64152,87.7,5.198610918461649,1.11,27.26,38594,78.67,5.902287164893691,3.577545607972354,9.11,0.77,4976,5.430310936907203,36.78142271156474,0.72,Country/Region,9291,1443,5.928217475666094,1337,1.1353585135469746,51942,n/a,10027,0.07,3645,27.83,n/a,129507,29565,44619,11291,47,40264,122493,28324,34.37,16300,20.68,34.45,2.67,31.09,4.98,21.87,5.37,12.59,1.95,15.84,2078,16999,6.05,134,65.63
AUSTRALIA,131610,640560,8,68.42,1.4784840604817264,77420,62268,63.17,3.6657246804293586,2.19,58.83,27962,58.52,5.662114034460438,4.867107362662412,14.22,2.27,8699,3.8291045696716064,44.82558690221108,1.49,Country/Region,9526,2985,5.686989201059519,1959,1.5446097369749128,26476,n/a,13839,0.19,10083,20.12,n/a,113138,36301,59279,16081,52,31568,69342,15689,47.31,6602,21.25,52.4,6.61,27.9,7.24,13.87,10.52,5.84,7.66,27.58,2882,18709,12.22,255,52.69
CANADA,139323,587008,9,64.49,1.3597767970830372,77840,66406,64.58,3.880554362521537,1.9,55.87,29837,57.93,5.188750835426116,4.213288545322739,12.43,3.3,10913,4.0535091251451805,41.25884679270472,1.25,Country/Region,11030,4604,5.211546392118686,1738,1.3371158733244823,25001,n/a,13825,0.17,6639,17.94,n/a,116904,37447,61271,14626,69,33461,72917,15702,47.66,6470,21.42,52.41,7.83,28.62,7.92,13.43,9.92,5.53,4.77,26.88,2646,17318,10.5,237,52.34
FRANCE,128913,561147,10,65.05,1.378494788733487,77251,82102,62.16,3.590605316679507,1.75,59.92,29289,55.39,4.960157212588003,4.352912429312792,11.89,5.21,10632,3.750637165793449,40.991867952029665,1.16,Country/Region,15213,6712,4.981948496951021,1497,1.3814264657679,29545,n/a,33851,0.19,6776,22.92,n/a,109459,41422,57963,26968,66,30493,46811,12879,63.69,8124,22.72,52.95,8.25,27.86,11.8,11.77,26.26,7.42,5.26,32.13,2250,15322,20.92,239,36.31
SPAIN,130702,495080,11,61.76,1.1910470566632494,63273,81390,70.99,3.6404342161042322,1.52,48.41,44548,60.61,4.376169939085602,3.7878532845710087,10.8,2.89,13681,3.802686919422676,39.00230223485486,1.03,Country/Region,8332,3783,4.395395612683506,1344,1.2021010899542386,29605,n/a,17630,0.13,8120,22.65,n/a,105303,50946,57743,14829,45,30315,49312,10931,62.27,6314,34.08,54.84,10.47,28.79,6.37,10.38,13.49,6.0,6.21,38.98,1989,14113,11.35,174,37.73
JAPAN,141147,432470,12,61.44,0.8955710542909165,45925,74013,80.91,3.9313581146460197,1.02,32.54,43016,75.1,3.822740190588088,3.0639687701474347,7.49,5.31,9719,4.106577180270786,35.281160466038955,0.69,Country/Region,9115,7497,3.8395345007215718,968,0.9723713991729007,47144,n/a,14193,0.1,3659,33.4,n/a,117406,40857,44744,12163,36,37756,67134,20950,52.44,13956,30.48,38.11,6.89,32.16,6.46,17.84,10.06,11.89,2.59,28.95,1440,10566,8.62,142,47.56
SOUTH KOREA,100673,420616,13,69.43,1.0849180475400555,33132,50994,80.9,2.804038452646948,1.3,32.91,37959,78.62,3.7179589058302294,4.178041778828485,10.24,4.07,3600,2.929013329857531,41.43488905068887,0.95,Country/Region,3623,4095,3.7342928840278047,959,1.3259300714369882,34558,n/a,5977,0.11,1757,34.33,n/a,88881,30468,40748,5812,44,29249,49679,12047,50.65,6837,37.71,45.85,3.58,32.91,3.6,13.55,5.94,7.69,1.75,30.26,1310,10305,5.77,111,49.35
NETHERLANDS,77435,392977,14,69.13,1.6147829766901274,50466,57969,60.04,2.1567919658768133,2.43,65.17,19016,54.09,3.4736489742103154,5.074927358429651,15.04,5.2,20989,2.252919324918478,46.009248342480795,1.59,Country/Region,5611,4026,3.4889096341712977,1230,1.610562830893221,12269,n/a,11704,0.23,5914,15.84,n/a,67863,44312,39299,12353,43,18757,19466,7029,74.86,2778,24.56,57.91,27.11,27.64,7.25,10.36,15.11,4.09,7.64,57.22,1884,11648,15.95,177,25.14
SWITZERLAND,60297,310084,15,68.65,1.613405127949981,44019,42089,52.93,1.6794483782071958,2.49,73.0,16330,48.0,2.7409313230011714,5.142610743486409,15.57,7.42,12112,1.7543007236341377,45.72270913146592,1.72,Country/Region,4438,4475,2.7529729602556197,1039,1.6320426150442946,5520,n/a,10714,0.25,8048,9.15,n/a,52718,29763,29412,9209,33,15045,18208,5436,69.8,2825,27.08,55.79,20.09,28.54,7.36,10.31,17.77,5.36,13.35,49.36,1500,9389,15.27,153,30.2
IRAN,70147,307087,16,69.24,1.0482229560779506,25157,24424,88.53,1.9537997808531133,1.5,35.86,16575,74.84,2.714439884632747,4.377763838795672,11.3,0.54,1414,2.0408798590437973,41.33610892554208,1.09,Country/Region,2643,377,2.7263651379820226,762,1.3893132301650202,19736,n/a,3518,0.12,1293,28.14,n/a,55705,12541,18978,3792,17,17778,45723,12201,34.82,6748,23.63,34.07,2.02,31.91,3.77,21.9,5.02,12.11,1.84,17.88,1049,7924,5.41,81,65.18
BRAZIL,97740,279576,17,56.7,0.8226636249232657,36022,47576,83.61,2.7223457964073057,0.91,36.85,32304,74.5,2.4712613858160224,2.860405156537753,6.74,1.58,3228,2.843679664460929,32.345400468590135,0.63,Country/Region,4807,1541,2.4821182916126765,614,0.907769097179851,33327,n/a,7898,0.08,2752,34.1,n/a,75194,22825,28885,7237,32,22079,50164,14875,48.68,9355,33.05,38.41,3.3,29.36,4.92,19.78,8.08,12.44,2.82,23.35,888,6590,7.4,74,51.32
SAUDI ARABIA,49342,274869,18,72.98,1.3713898605650359,36989,28000,52.67,1.374319483183234,2.53,74.96,21666,47.44,2.429654712342491,5.570690284139273,16.5,0.98,1648,1.4355723552673536,47.40114671273966,1.72,Country/Region,1890,482,2.4403288290027927,847,1.7678965786869751,3751,n/a,2492,0.19,1325,7.6,n/a,39915,14413,15052,2796,17,15566,21342,6039,56.75,3258,43.91,37.71,3.34,39.0,3.83,15.13,5.05,8.16,2.69,29.21,1249,8140,5.67,92,43.25
SWEDEN,51378,254464,19,70.35,1.4693991630659038,35206,37730,54.97,1.4310280573748164,2.19,68.52,14023,50.84,2.2492884127403223,4.952781346101444,14.12,6.54,14647,1.4948084080281725,45.68722571334035,1.48,Country/Region,2882,3360,2.2591701324753486,758,1.5717989602989217,6908,n/a,7846,0.24,3657,13.45,n/a,44595,25959,24624,6178,23,12949,13648,4968,73.44,2054,27.29,55.22,28.51,29.04,5.61,11.14,15.27,4.61,7.12,50.53,1125,7254,12.02,123,26.56
BELGIUM,43749,218306,20,67.81,1.626013908889346,30736,27722,55.88,1.2185380217620545,2.45,70.26,10740,49.69,1.9296763244768957,4.98996548492537,14.47,5.77,4905,1.2728477761459092,44.649971743354136,1.6,Country/Region,3507,2526,1.9381539036569553,699,1.583599600516779,4858,n/a,6513,0.26,5304,11.1,n/a,38117,18583,20968,8570,23,10559,16027,4369,63.37,2221,24.55,55.01,11.21,27.7,8.02,11.46,14.89,5.83,12.12,42.48,1071,6331,19.59,113,36.63
POLAND,58093,212024,21,66.47,1.0547332019348288,22871,40191,76.44,1.6180605110567792,1.15,39.37,27616,63.45,1.874147723932871,3.6497340471313238,8.82,1.76,6750,1.690176823690697,38.66705067564079,0.76,Country/Region,2192,1020,1.8823813512636498,443,1.1582680073619973,12723,n/a,5322,0.11,2060,21.9,n/a,48127,22154,20738,3633,11,15834,17902,7032,69.18,4523,47.54,43.09,11.62,32.9,3.77,14.61,9.16,9.4,3.55,38.14,667,5126,6.25,64,30.82
TURKEY,70709,210768,22,54.57,0.8940333592611973,18424,30441,84.27,1.9694531299177838,1.31,26.06,19253,70.78,1.863045539551576,2.9807803815638745,8.53,1.1,2069,2.057230871642805,32.44455170628916,0.87,Country/Region,4606,775,1.8712303920458857,613,0.9459709963391463,23978,n/a,4579,0.11,1358,33.91,n/a,53742,12190,14521,4513,11,14762,40268,11561,43.05,12898,27.23,27.02,2.93,27.47,6.51,21.51,6.48,24.0,1.92,17.24,924,6028,6.38,77,56.95
HONG KONG,32001,203441,23,74.82,1.753785791069029,13480,13370,52.89,0.8913217498550254,3.05,42.12,6692,52.13,1.7982798508877635,6.35733258335677,18.85,2.68,1287,0.9310476053040124,51.35389076591357,2.06,Country/Region,1778,857,1.8061801705581828,660,2.017542880761359,12125,n/a,3238,0.28,1408,37.89,n/a,27589,7163,17236,3613,15,6879,18631,2436,41.78,1038,20.91,62.47,4.02,24.93,5.56,8.83,10.12,3.76,4.4,22.38,977,6033,11.29,89,58.22
DENMARK,36639,198565,24,70.79,1.6094569475149432,24979,22939,55.24,1.0205036590399763,2.38,68.18,8977,52.19,1.7551793325412715,5.41949834875406,15.37,5.62,5113,1.0659871007385304,46.582796367258936,1.66,Country/Region,2675,2059,1.7628903002191572,609,1.71991478618747,5238,n/a,6005,0.24,2706,14.3,n/a,32204,15716,18600,6174,20,8672,13700,3539,62.61,1393,24.5,57.76,13.96,26.93,7.3,10.99,16.39,4.33,7.39,42.89,873,5631,16.85,89,37.39
RUSSIA,84667,192206,25,46.93,0.7117566785170137,26576,35714,81.9,2.358224386580902,0.85,31.39,22582,66.21,1.6989701044515784,2.2701406687375245,5.62,1.18,3731,2.4633295083989504,25.937284024472348,0.52,Country/Region,4006,996,1.7064341301031065,442,0.7204446337334544,23313,n/a,7580,0.08,2044,27.53,n/a,55281,12777,18571,5395,12,14092,48953,7340,42.18,15278,26.67,33.59,4.41,25.49,4.73,13.28,8.95,27.64,2.41,15.09,717,4758,6.37,64,57.82
PAKISTAN,36786,185355,26,67.14,1.281005447724678,23716,18081,70.35,1.0245980403789559,2.23,64.47,13697,54.77,1.638411931524626,5.038737563203393,14.93,0.46,920,1.0702639670233243,43.32661328494536,1.68,Country/Region,2145,168,1.6456099090832819,619,1.5990777524019526,5458,n/a,1349,0.18,913,14.84,n/a,28370,7684,9123,1319,10,10257,18705,5101,49.15,3889,37.23,32.16,2.5,36.15,5.83,17.98,3.67,13.71,2.48,20.89,819,5493,3.59,67,50.85
TAIWAN,45766,181877,27,68.67,1.1599027596906,19628,23202,74.21,1.2747173902023405,1.61,42.89,17176,72.3,1.6076687808254668,3.974063715421929,10.99,2.26,1844,1.3315310366658366,41.70062785473933,1.09,Country/Region,1883,1033,1.614731695580589,500,1.2611962409724997,16624,n/a,2734,0.13,1042,36.32,n/a,40713,13297,18536,2299,12,14516,22564,4898,50.7,2763,37.53,45.53,4.03,35.65,4.11,12.03,5.97,6.79,2.28,29.05,739,5029,5.02,60,49.3
SCOTLAND,32791,174972,28,64.94,1.617580028056479,19489,23591,50.64,0.9133255679352563,2.41,59.43,7521,40.68,1.5466332846846693,5.335976334969962,14.64,3.72,6030,0.9540321247937211,43.18835080052454,1.66,Country/Region,2531,1220,1.5534280543396186,545,1.6934085051195091,6057,n/a,6036,0.32,11310,18.47,n/a,27173,13346,15506,7509,26,7456,9200,2996,71.94,1215,22.94,57.06,18.39,27.44,7.72,11.03,18.41,4.47,34.49,40.7,790,4799,22.9,104,28.06
EGYPT,35425,174919,29,71.68,1.2771866365561044,21558,17275,70.16,0.9866901968255454,2.16,60.86,12762,61.28,1.5461648007895987,4.93772759350741,14.96,1.18,952,1.0306665859783957,45.457148437544106,1.48,Country/Region,2034,418,1.5529575122707162,525,1.567021549179304,6232,n/a,1303,0.14,781,17.59,n/a,28416,8625,10795,1527,16,10154,18150,4822,48.76,2645,36.03,37.99,2.69,35.73,5.74,16.97,3.68,9.31,2.2,24.35,765,5299,4.31,48,51.24
SINGAPORE,26622,173048,30,72.34,1.7288993539178124,18627,12764,57.19,0.7415008163695037,3.1,69.97,5766,54.97,1.5296264353617302,6.500187814589437,18.51,3.71,1476,0.7745492124747171,49.398412831492756,2.25,Country/Region,1715,989,1.5363464894232353,599,2.0628789633044566,2753,n/a,3135,0.33,1779,10.34,n/a,22518,7216,13781,3807,21,5825,13858,2098,47.95,814,21.66,61.2,5.54,25.87,6.44,9.32,11.78,3.61,6.68,27.11,825,4928,14.3,89,52.05
AUSTRIA,34088,149478,31,66.01,1.4303154335836659,23151,22516,56.28,0.9494508236948255,2.07,67.92,8989,48.68,1.3212836918369508,4.385062191973715,13.13,5.48,7582,0.9917674688166989,42.843018962684816,1.37,Country/Region,2256,1868,1.3270884410452959,466,1.391629412353473,3206,n/a,4969,0.25,2684,9.41,n/a,28694,13636,14864,3689,14,8222,11572,3649,66.05,1959,26.37,51.8,22.24,28.65,6.62,12.72,14.58,6.83,7.87,40.0,707,4477,10.82,86,33.95
MALAYSIA,31443,145585,32,66.01,1.1022354482714753,18018,16033,71.31,0.87577981252747,1.69,57.3,11699,64.81,1.2868722238462016,4.630124352002036,11.58,0.98,1251,0.9148129700188764,40.62486739814903,1.3,Country/Region,1372,307,1.2925257943615744,408,1.4694015612581126,5481,n/a,1055,0.14,2385,17.43,n/a,22039,7344,9000,1711,4,7966,15410,3049,50.99,2024,37.21,40.84,3.98,36.15,4.36,13.83,3.36,9.18,7.59,23.36,532,3642,5.44,45,49.01
PORTUGAL,35708,139422,33,62.79,1.1278026828721857,18834,20395,68.22,0.9945725772264382,1.48,52.74,12234,62.46,1.232395502236392,3.904503192561891,10.47,1.69,2139,1.0389002809348358,39.141140285090174,0.99,Country/Region,2063,604,1.237809742085238,352,1.239120734329082,8113,n/a,4293,0.13,2184,22.72,n/a,28612,12885,14862,3959,13,8700,15313,3376,57.12,1674,34.26,51.94,5.99,30.41,5.78,11.8,12.02,5.85,6.12,36.08,528,3737,11.09,45,42.88
NORWAY,29632,134114,34,69.04,1.4327357350161989,19432,21616,57.27,0.8253381485486113,2.19,65.58,8399,50.46,1.1854763981791356,4.525985421166307,13.72,5.61,7848,0.8621231411633542,44.88220251417386,1.38,Country/Region,1459,1661,1.1906845099770456,410,1.4363523608642603,4070,n/a,4630,0.17,2402,13.74,n/a,24634,16002,13039,3910,5,7354,8016,3126,72.95,1115,28.34,52.93,26.48,29.85,4.92,12.69,15.62,4.53,8.11,54.0,650,4066,13.2,50,27.05
SOUTH AFRICA,31471,129255,35,62.56,1.1882519843665595,17882,17358,64.83,0.8765596946872756,1.67,56.82,10580,55.0,1.142526148251817,4.107114486352515,10.36,1.36,2380,0.91562761121598,38.38680407994662,1.09,Country/Region,1464,429,1.1475455682261584,344,1.3034208111284746,3666,n/a,2953,0.21,2083,11.65,n/a,23319,9518,9433,2934,18,7280,14113,4016,55.16,2590,33.62,40.45,7.56,31.22,4.65,17.22,9.38,11.11,6.62,30.24,525,3261,9.32,65,44.84
ISRAEL,27829,124423,36,63.41,1.4730839915196379,13984,14034,69.84,0.7751193080439831,2.08,50.25,6077,57.18,1.099814559931421,4.470983506414172,12.42,2.96,2022,0.8096660669355759,40.79185311725179,1.35,Country/Region,2348,824,1.1046463365858443,375,1.4188971278586875,5830,n/a,4231,0.27,1400,20.95,n/a,23614,7873,12409,3587,4,6549,13795,3045,50.43,1611,21.84,52.55,7.27,27.73,8.44,12.89,15.2,6.82,5.03,28.29,580,3457,12.89,74,49.57
FINLAND,24557,115394,37,70.78,1.3918124608054732,16277,18521,57.82,0.6839845070838368,2.05,66.28,6487,52.22,1.020004350712701,4.699026754082339,13.89,3.51,6669,0.7144694241883265,45.77075971820663,1.33,Country/Region,1279,861,1.024485499979802,327,1.491268208780755,3504,n/a,3864,0.2,3040,14.27,n/a,20369,12479,10713,4086,5,6293,6036,2391,75.42,972,26.42,52.59,27.16,30.89,5.21,11.74,15.73,4.77,12.38,50.82,504,3411,16.64,49,24.58
GREECE,25423,112182,38,65.68,1.3266466546040987,13311,13812,68.19,0.7081051481692545,1.91,52.36,8108,62.1,0.9916124588076695,4.412618495063525,12.62,2.61,1595,0.7396651126416021,41.905080029894194,1.33,Country/Region,1838,663,0.9959688749738649,339,1.400374593196221,5205,n/a,2504,0.19,1498,20.47,n/a,20384,7949,9472,2271,6,6592,11611,2916,54.33,1404,31.89,46.47,6.27,32.34,7.23,14.31,9.85,6.89,5.89,31.27,486,3208,8.93,49,45.67
MEXICO,31879,99824,39,56.96,0.8475142382132438,13733,16512,75.8,0.8879236918730151,1.12,43.08,11181,65.2,0.8823761573872528,3.1313403808149567,6.98,1.62,1558,0.9274980972309181,32.244985981367044,0.75,Country/Region,1551,518,0.8862526695494027,240,0.9937522395938552,8199,n/a,3382,0.13,1026,25.72,n/a,25136,7525,9611,2222,14,7616,15367,4407,51.8,3502,35.07,38.24,4.89,30.3,4.87,17.53,10.61,13.93,3.22,23.6,357,2226,6.97,41,48.2
IRELAND,22403,99819,40,61.73,1.481191657367317,13412,13439,61.22,0.623989286647359,2.14,59.87,4917,53.17,0.8823319607933783,4.455608623845021,13.35,3.11,4177,0.6518002406682851,40.76610419586663,1.58,Country/Region,1774,696,0.8862082787881855,353,1.414017803949924,2933,n/a,2721,0.23,2284,13.09,n/a,18442,7743,9809,2571,4,4964,8964,2767,59.99,902,21.95,53.19,18.64,26.92,7.92,15.0,12.15,4.89,10.2,34.56,479,2990,11.48,51,40.01
CZECH REPUBLIC,25609,98537,41,65.29,1.1434340661486198,14844,14925,62.87,0.7132857939451063,1.5,57.96,8794,53.17,0.8709999541239355,3.8477488382990357,10.14,3.3,2375,0.7450766577366474,39.587443012222266,1.05,Country/Region,1253,844,0.8748264876120923,270,1.2211093526853092,4423,n/a,3114,0.16,1340,17.27,n/a,21146,8342,10001,2503,9,6434,10684,2639,58.28,2072,34.34,47.29,9.27,30.43,4.89,12.48,12.16,9.8,5.23,32.57,383,2596,9.77,40,41.72
VIETNAM,15359,84694,42,70.45,1.365317748551338,10044,6868,63.44,0.42779321758767963,2.7,65.39,4768,50.26,0.7486372643227681,5.514291295006185,14.6,0.92,577,0.44685979093979333,44.59889481086009,2.08,Country/Region,573,142,0.7519262261061179,320,1.7499979745923129,2751,n/a,993,0.2,471,17.91,n/a,12011,3197,4934,950,2,3962,8491,2154,44.72,961,31.04,41.08,3.76,32.99,3.73,17.93,6.47,8.0,3.07,20.82,415,2243,6.19,30,55.28
NEW ZEALAND,19586,80919,43,67.93,1.3742211375472277,12252,9007,59.59,0.5455275707840546,1.89,62.55,4183,51.15,0.7152688359474587,4.131471459205555,12.43,2.05,1528,0.5698415173739692,43.39177428775657,1.14,Country/Region,1275,402,0.7184112013871224,224,1.3111506626868465,2342,n/a,1837,0.18,1360,11.96,n/a,16005,5213,8052,2021,10,4650,10579,2385,45.99,918,21.36,50.31,7.8,29.05,6.51,14.9,9.38,5.74,6.94,26.62,371,2434,10.32,35,54.01
THAILAND,20204,78833,44,68.22,1.0614656850128688,10314,10396,73.04,0.5627406841683364,1.41,51.05,7830,64.71,0.6968300169829832,3.901851118590378,10.13,1.55,833,0.5878218123671843,40.67741726390814,0.97,Country/Region,729,314,0.6998913758073014,195,1.23827908055522,4388,n/a,1074,0.12,672,21.72,n/a,16452,6333,6738,1004,6,5688,9808,2474,51.46,1552,38.75,40.96,4.12,34.57,3.61,15.04,5.32,9.43,3.33,31.35,285,2046,4.97,25,48.54
CHILE,19396,72205,45,62.05,1.0746116415755826,12211,11360,62.84,0.5402355132710877,1.38,62.96,6684,49.93,0.6382430121428374,3.722674778304805,9.54,1.41,1155,0.564313594965052,37.973994751495155,0.97,Country/Region,1359,274,0.6410469827377646,189,1.1814162461818205,3213,n/a,3515,0.18,1228,16.57,n/a,15329,5407,7624,2162,2,4335,8036,1751,58.57,1619,34.46,49.74,5.95,28.28,7.01,11.42,18.12,10.56,6.33,27.88,267,1851,11.15,34,41.43
UNITED ARAB EMIRATES,11767,71336,46,71.49,1.6199431630831989,9194,6090,48.13,0.3277454776583258,3.18,78.13,3816,45.41,0.6305616441274351,6.062377836321917,16.81,1.58,681,0.3423529630827885,47.43153252315798,2.19,Country/Region,607,186,0.6333318684382132,258,1.9239369788796739,383,n/a,982,0.33,612,3.25,n/a,8914,3254,4047,986,8,3141,5677,1256,51.75,470,32.43,45.4,5.79,35.24,5.16,14.09,8.35,5.27,5.2,27.65,374,1978,8.38,39,48.25
WALES,11140,65055,47,65.29,1.6859657989228007,6375,7785,47.39,0.31028168786553495,2.54,57.23,2447,40.47,0.5750418829021853,5.839766606822262,14.11,3.25,1852,0.3241108191333614,42.70141499102334,1.75,Country/Region,847,362,0.5775681941971509,195,1.853289785994035,2474,n/a,1766,0.4,4545,22.21,n/a,9545,4206,5316,2639,10,2721,3355,1040,69.88,468,21.97,55.69,16.62,28.51,7.6,10.9,15.85,4.9,40.8,37.76,283,1572,23.69,45,30.12
ROMANIA,18033,64256,48,57.25,1.0911824599345645,6964,10339,74.31,0.5022719638491195,1.46,38.62,7664,63.92,0.5679792672010271,3.56324516164809,9.53,1.37,1074,0.5246580252631873,34.727410447512895,0.98,Country/Region,691,247,0.5704745505546404,177,1.1308201693129853,5115,n/a,1150,0.17,728,28.36,n/a,12837,5438,4876,910,1,4385,7694,1756,57.33,1820,42.5,37.98,5.96,34.16,3.83,13.68,6.38,14.18,4.04,30.16,263,1718,5.05,30,42.67
HUNGARY,13860,57399,49,64.72,1.278380266955267,7703,10123,65.04,0.3860416691037984,1.8,55.58,5109,56.64,0.5073680583614254,4.141341991341991,10.3,4.66,2942,0.40324739256628267,39.164699011544016,1.26,Country/Region,611,646,0.5095970606213552,174,1.314283143421507,2356,n/a,1945,0.25,3392,17.0,n/a,11608,5079,5086,1461,2,3617,3737,1666,73.04,1239,36.86,43.81,21.23,31.16,4.41,14.35,14.03,10.67,24.47,36.65,249,1427,10.54,35,26.96
BANGLADESH,10221,55276,50,71.25,1.4210262400939242,6916,5507,70.55,0.28468484126334226,2.58,67.66,3909,48.64,0.48860218460227794,5.40808140103708,15.03,0.85,447,0.2973731312712825,46.061344124841014,1.74,Country/Region,501,87,0.4907487434085268,178,1.7162915399148555,1361,n/a,645,0.19,462,13.32,n/a,7473,3253,2885,650,3,2866,4714,1182,53.88,540,38.24,38.61,4.37,38.35,4.9,15.82,6.31,7.23,4.52,31.83,264,1536,6.36,19,46.12
ARGENTINA,18262,53195,51,53.36,0.9147342185959917,8638,9021,72.68,0.5086502857989587,1.22,47.3,5169,52.94,0.4702075622316769,2.9128792027160224,7.07,1.97,798,0.5313206264823561,30.85741469170956,0.74,Country/Region,976,360,0.472273308589923,136,0.9244220938421414,4303,n/a,2369,0.15,685,23.56,n/a,13589,5688,5831,2078,4,3940,9241,2320,49.4,1498,28.3,42.91,4.37,28.99,5.34,17.07,12.97,11.02,3.75,31.15,222,1292,11.38,28,50.6
NIGERIA,13158,49606,52,61.99,1.0179091959264326,7556,6569,73.67,0.3664889092400995,1.41,57.43,4764,53.8,0.438483247148502,3.7700258397932815,9.88,0.62,571,0.3828231739817567,36.87617972336221,0.87,Country/Region,520,81,0.44040962018820795,115,1.1964434286911436,2081,n/a,567,0.14,729,15.82,n/a,8486,3445,2858,714,1,3009,6589,1646,49.92,973,36.21,33.68,4.34,35.46,3.95,19.4,4.31,11.47,5.54,26.18,185,1300,5.43,18,50.08
INDONESIA,21200,46854,53,47.71,0.7453824764150944,7336,12694,80.01,0.5904822067099946,0.9,34.6,10445,69.86,0.4141574418799322,2.2100943396226413,5.94,0.56,668,0.6167997635212982,27.814950094339626,0.44,Country/Region,824,118,0.4159769452142542,93,0.7013885214044028,4668,n/a,628,0.06,853,22.02,n/a,8784,4591,3135,757,2,3161,8506,1432,59.88,1056,49.27,35.69,3.15,35.99,3.89,16.3,2.96,12.02,4.02,21.66,190,1259,3.57,13,40.12
COLOMBIA,15702,44211,54,51.9,0.8428126926506178,8340,9206,71.14,0.43734677404529887,1.04,53.11,6518,54.0,0.39079512235782815,2.8156285823461977,7.01,1.64,803,0.4568391456043125,30.57877045599287,0.69,Country/Region,730,257,0.3925119888348357,109,0.8935589457837201,2688,n/a,1969,0.14,748,17.12,n/a,10339,4377,4254,1155,1,3231,6496,1686,58.63,1168,41.51,41.15,5.11,31.25,4.65,16.31,12.54,11.3,4.76,27.88,164,1100,7.36,22,41.37
QATAR,6245,38544,55,71.91,1.5521070456365094,4533,3727,51.08,0.17394157457093945,2.71,72.59,2170,53.39,0.340702702860377,6.171977582065653,15.53,1.76,779,0.1816940812825711,47.36277668534828,1.78,Country/Region,346,110,0.34219950007124716,111,1.958719206151756,430,n/a,512,0.24,347,6.89,n/a,4878,2334,2409,432,6,1594,2518,654,59.68,221,34.75,49.38,12.47,32.68,5.54,13.41,8.2,4.53,5.56,37.37,169,970,6.92,15,40.32
IRAQ,8687,36689,56,59.95,1.0519518130539889,4387,3894,73.56,0.24195844007970393,1.82,50.5,2761,50.7,0.32430576653290716,4.223437320133533,11.86,0.37,252,0.25274243140139235,36.432377023138024,1.24,Country/Region,523,32,0.3257305276596614,108,1.340336656270709,1545,n/a,322,0.17,298,17.79,n/a,4801,1366,1482,358,0,1691,4793,889,44.83,739,31.78,30.87,2.9,35.22,6.02,18.52,3.71,15.39,3.43,15.72,158,1030,4.12,15,55.17
SLOVENIA,8119,34201,57,63.8,1.1622977583446237,4565,5238,63.22,0.2261379734093607,1.66,56.23,3087,55.28,0.3023135414209152,4.212464589235127,10.9,1.9,1003,0.23621685283157645,39.83781655376278,1.02,Country/Region,414,154,0.30364168487797644,83,1.336854385237014,1383,n/a,920,0.15,486,17.03,n/a,6889,3449,3102,734,3,2113,2881,808,64.52,866,38.02,45.03,12.35,30.67,5.1,11.73,11.33,12.57,5.99,42.48,135,885,9.04,12,35.48
NORTHERN IRELAND,6354,34199,58,64.78,1.47911512433113,3933,4529,48.96,0.17697754440732577,2.19,61.9,1438,42.95,0.30229586278336534,5.382278879446019,13.68,3.23,1105,0.18486536308558155,42.53814435001574,1.68,Country/Region,542,205,0.3036239285734896,107,1.708102933599367,1040,n/a,1192,0.33,1558,16.37,n/a,5412,2815,3153,1444,2,1424,1825,578,71.28,257,22.63,58.26,17.39,26.31,8.53,10.68,18.76,4.75,24.52,44.3,139,869,22.73,21,28.72
SERBIA,9082,33931,59,59.05,1.0933332856199076,4863,5302,68.48,0.2529603491198194,1.5,53.55,3758,58.54,0.2999269253516878,3.7360713499229243,8.97,1.2,464,0.2642346911462467,35.032799636643915,1.06,Country/Region,411,109,0.301244583772247,96,1.1856677396093478,1799,n/a,695,0.2,559,19.81,n/a,7699,2978,2830,669,1,2208,3780,1165,58.38,1496,41.38,36.76,5.11,28.68,4.53,15.13,7.65,19.43,6.16,32.79,136,815,7.37,18,41.62
CROATIA,9200,30762,60,55.77,1.0133369782608697,4205,5603,71.25,0.2562469953647147,1.53,45.71,4011,58.04,0.2719151241539778,3.343695652173913,9.15,1.45,463,0.267667821905469,34.18360692391304,0.96,Country/Region,469,133,0.2731097193127777,88,1.0611446341720523,1983,n/a,840,0.14,482,21.55,n/a,6712,3253,2618,660,3,2094,3597,1087,60.9,913,43.6,39.0,5.03,31.2,5.1,16.19,9.13,13.6,5.24,35.36,141,842,7.17,13,39.1
MOROCCO,8592,30134,61,63.15,0.8877201699255122,4067,3955,80.32,0.23931241132322048,1.11,47.33,2786,69.19,0.26636403196333025,3.5072160148975793,9.44,0.47,257,0.2499784701969337,37.83969549581006,0.58,Country/Region,388,40,0.2675342397038959,50,1.113038937222413,1971,n/a,669,0.06,222,22.94,n/a,5848,1986,2074,524,32,1892,4637,1190,46.03,692,32.43,35.47,2.99,32.35,4.52,20.35,7.79,11.83,2.58,23.11,95,811,6.1,5,53.97
JORDAN,6430,29953,62,66.35,1.3363869828926906,4031,3128,64.88,0.17909436741251256,2.35,62.69,2230,47.93,0.2647641152650704,4.658320373250389,13.39,0.53,240,0.18707653204914845,41.8499767029549,1.45,Country/Region,334,34,0.2659272941478328,93,1.4783497610242122,872,n/a,278,0.23,199,13.56,n/a,4409,1690,1454,324,5,1617,3302,826,48.65,512,34.68,32.98,3.73,36.67,5.19,18.73,4.32,11.61,3.09,26.28,151,861,5.04,15,51.35
ETHIOPIA,8394,29015,63,68.12,0.9389919466285442,4097,6143,76.6,0.23379753033602335,0.99,48.81,5191,60.05,0.2564728342541988,3.4566356921610675,8.14,0.55,401,0.24421779316027248,39.11501778651418,0.66,Country/Region,189,46,0.2575995873434837,55,1.0969869266180254,1687,n/a,535,0.12,304,20.1,n/a,6009,4434,1533,362,0,2637,2251,1467,73.18,372,61.84,25.51,4.78,43.88,2.25,24.41,6.37,6.19,3.62,52.82,83,683,4.31,10,26.82
LEBANON,4432,28798,64,64.4,1.4211414034296028,3046,2275,64.35,0.12344420472352342,1.94,68.73,1314,51.22,0.25455470208004194,6.497743682310469,10.81,1.76,189,0.12894606377011292,40.08055063176896,1.08,Country/Region,364,78,0.2556730283066567,48,2.062103301245816,345,n/a,399,0.25,149,7.78,n/a,3486,1419,1460,408,13,1100,2157,648,51.33,278,29.65,41.88,4.26,31.55,8.21,18.59,9.0,7.97,3.36,32.02,86,479,9.21,11,48.67
TUNISIA,9405,27264,65,56.13,0.7978897820308347,5154,3986,77.89,0.2619568468918632,0.84,54.8,2588,62.81,0.24099518707932024,2.898883572567783,7.73,0.46,227,0.2736321592414061,32.82329561935141,0.6,Country/Region,585,43,0.2420539427652159,56,0.9199804851018227,1696,n/a,590,0.07,330,18.03,n/a,7598,1643,2776,586,10,2522,5419,1489,42.38,811,27.52,36.54,2.41,33.19,6.22,19.6,6.27,10.67,3.51,17.47,79,727,6.23,7,57.62
ALGERIA,7903,27158,66,60.8,0.8759209667214982,4399,2959,84.51,0.22012173960514564,1.39,55.66,1890,54.64,0.24005821928917911,3.436416550676958,8.76,0.51,158,0.2299324778824915,34.889333607490826,0.86,Country/Region,417,40,0.24111285862741103,68,1.0905702440830947,1361,n/a,578,0.04,116,17.22,n/a,5621,859,1572,494,1,1808,4944,1332,37.44,909,23.91,27.97,2.0,32.17,5.28,23.7,7.31,16.17,1.47,10.87,110,692,6.25,3,62.56
SLOVAKIA,8522,25901,67,62.12,0.8980262379723071,4605,5453,65.65,0.23736270592370637,1.08,54.04,4096,54.76,0.22894719558910923,3.0393100211218025,7.83,2.01,497,0.24794186720417472,35.94605741609951,0.76,Country/Region,354,171,0.22995302125740383,65,0.964545776886694,1098,n/a,719,0.06,342,12.88,n/a,6199,2498,2292,506,1,2235,3069,937,63.99,735,48.06,36.97,5.83,36.05,4.15,15.12,8.44,11.86,4.01,29.31,92,667,5.94,5,36.01
UKRAINE,14602,25778,68,40.69,0.6623862347623614,5063,7718,80.86,0.4067085463386483,0.92,34.67,5021,67.13,0.2278599593797945,1.7653746062183262,4.66,1.41,811,0.4248353842895281,22.228211970962885,0.32,Country/Region,1083,206,0.22886100853146038,46,0.5602536790315332,4429,n/a,1675,0.05,497,30.33,n/a,5997,1783,2097,803,5,1571,6884,1082,52.86,1247,34.39,34.97,5.55,26.2,7.42,18.04,11.47,20.79,3.4,12.21,134,680,5.5,8,47.14
MACAU,3358,23601,69,77.72,1.7044640262060753,1160,1288,42.94,0.09353015330812085,3.22,34.54,818,47.05,0.20861676240680155,7.02829064919595,18.88,1.52,82,0.09769875499549618,52.39046697438952,2.8,Country/Region,136,51,0.20953327109748612,94,2.2304760018894156,1783,n/a,227,0.36,60,53.1,n/a,2961,692,1742,252,0,808,2070,278,38.36,133,24.36,58.83,2.44,27.29,4.05,9.39,6.76,4.49,1.79,20.61,108,634,7.5,12,61.64
CYPRUS,4188,22340,70,66.52,1.4799135864374402,3135,2342,47.99,0.11664808875950274,1.91,74.86,1300,41.93,0.19747038143163195,5.334288443170965,13.66,2.91,325,0.1218470476239244,43.47862234957021,1.36,Country/Region,272,122,0.19833792111850512,57,1.6928728411381286,224,n/a,559,0.19,387,5.35,n/a,3142,1410,1445,445,1,1023,1846,397,55.92,277,31.04,45.99,7.76,32.56,6.49,12.64,13.35,8.82,9.24,33.67,80,572,10.63,8,44.08
ESTONIA,4077,20818,71,70.0,1.5526868040225656,2888,2609,51.9,0.11355641305455888,2.58,70.84,1415,43.51,0.18401693825620924,5.106205543291636,14.84,3.58,496,0.11861757716397797,45.406493230316414,1.59,Country/Region,202,146,0.18482537340398567,65,1.6204891763162432,293,n/a,647,0.25,395,7.19,n/a,3169,1471,1649,496,0,930,1468,372,63.99,218,34.71,52.04,12.17,29.35,4.95,11.74,15.87,6.88,9.69,36.08,105,605,12.17,10,36.01
KENYA,5197,20355,72,66.38,1.2122824514142774,4241,3567,46.45,0.144751699446785,1.67,81.6,2187,35.89,0.17992433366342298,3.9166827015585914,10.81,2.69,689,0.151203225048122,40.6993732345584,1.0,Country/Region,262,140,0.18071478891527182,52,1.2429859846278932,338,n/a,483,0.19,555,6.5,n/a,4279,2572,2064,429,1,1412,1630,559,68.64,244,42.08,48.24,13.26,33.0,5.04,13.06,9.29,5.7,10.68,49.49,87,562,8.25,10,31.36
LITHUANIA,5096,20174,73,65.91,1.1099899332810048,2772,3338,65.88,0.1419385530846289,1.35,54.4,2409,56.93,0.17832441696516307,3.958791208791209,10.87,1.49,364,0.14826469787285546,39.993783614599685,0.92,Country/Region,257,76,0.1791078433592087,47,1.2563494067664591,638,n/a,420,0.06,308,12.52,n/a,4203,1864,1778,308,3,1362,1758,675,65.5,388,47.27,42.3,7.14,32.41,5.04,16.06,8.24,9.23,6.04,36.58,69,554,6.04,3,34.5
PERU,6158,19067,74,49.64,0.9556390711269892,3595,3665,63.64,0.1715183692886862,1.56,58.38,2460,50.47,0.16853929108133067,3.096297499188048,8.69,1.38,376,0.17916287470585635,30.65940759987009,0.84,Country/Region,377,85,0.16927972882571787,52,0.9826311419604195,1057,n/a,663,0.21,300,17.16,n/a,3615,1855,1596,452,1,1037,2493,600,59.52,382,39.95,44.15,6.11,28.69,6.12,16.6,10.77,10.57,4.87,30.12,96,535,7.34,13,40.48
GHANA,5106,18373,75,66.9,1.0685233646690169,3399,2918,62.44,0.14221708242741665,1.43,66.57,2087,46.81,0.1624048038515387,3.598315707011359,9.3,1.1,368,0.1485556411575353,39.697484880532706,0.76,Country/Region,169,56,0.1631182911687688,39,1.1419500462219456,604,n/a,281,0.2,439,11.83,n/a,3574,1901,1310,294,3,1346,2188,647,57.15,271,40.87,36.65,7.21,37.66,3.31,18.1,5.5,7.58,8.6,37.23,73,475,5.76,10,42.85
PHILIPPINES,5246,18208,76,57.82,1.11256120853984,2854,2628,64.93,0.1461164932264449,1.6,54.4,1508,44.89,0.16094631625367747,3.4708349218452152,9.86,2.31,353,0.15262884714305333,36.178332615325964,1.03,Country/Region,424,121,0.1616533960486008,54,1.1014931490605235,564,n/a,338,0.15,297,10.75,n/a,3690,1583,1836,343,1,993,2618,513,50.1,348,28.75,49.76,6.73,26.91,8.08,13.9,6.44,9.43,5.66,30.18,84,517,6.54,8,49.9
BULGARIA,6012,16390,77,47.87,0.8248128077178974,2629,2982,69.29,0.1674518408839853,1.13,43.73,1860,51.35,0.14487643472087952,2.7262142381902863,7.95,1.71,315,0.17491510274953043,28.37402894211577,0.83,Country/Region,447,103,0.14551291527002236,50,0.8651826934602256,916,n/a,552,0.13,321,15.24,n/a,3719,1413,1506,360,5,1045,3030,512,49.6,656,30.94,40.49,5.24,28.1,7.44,13.77,9.18,17.64,5.34,23.5,68,478,5.99,8,50.4
OMAN,3047,15437,78,70.63,1.3133689858877584,2370,1422,49.69,0.08486789074742235,2.4,77.78,983,39.65,0.1364525639283842,5.066294716114211,14.47,1.35,126,0.08865041884195263,44.27432294059731,1.61,Country/Region,128,41,0.13705203618202164,49,1.607823202941197,119,n/a,139,0.16,107,3.91,n/a,2254,746,894,185,5,759,1625,411,46.67,190,32.26,39.66,4.14,33.67,4.2,18.23,4.56,8.43,3.51,24.48,73,441,6.07,5,53.33
ECUADOR,5363,14469,79,48.57,0.7467986574678351,3429,2717,66.47,0.1493752865370614,1.25,63.94,1935,48.97,0.12789610335426513,2.697930262912549,7.27,1.01,294,0.15603288357380765,29.481271657654297,0.65,Country/Region,187,54,0.12845798481036932,35,0.8562065808826611,332,n/a,551,0.11,224,6.19,n/a,3091,1546,1244,301,1,1042,2646,461,50.66,344,36.08,40.25,5.48,33.71,3.49,14.91,10.27,11.13,4.18,28.83,67,390,5.61,6,49.34
LUXEMBOURG,2760,13459,80,69.57,1.5511772101449275,2191,1937,47.07,0.0768740986094144,2.36,79.38,742,42.97,0.11896839139159958,4.876449275362319,15.29,3.95,451,0.08030034657164072,46.67276376811594,1.27,Country/Region,172,109,0.11949105104449241,35,1.5475744567238423,96,n/a,679,0.25,203,3.48,n/a,2204,1179,1160,572,1,672,823,241,70.18,131,26.88,52.63,16.34,30.49,6.23,10.93,24.6,5.94,7.36,42.72,65,422,20.72,7,29.82
KUWAIT,2763,12776,81,67.68,1.1797547593195803,1999,1463,54.07,0.07695765741225072,1.74,72.35,1006,41.04,0.1129311366683317,4.623959464350344,12.67,2.32,132,0.08038762955704468,41.79780991675715,1.23,Country/Region,146,64,0.1134272730622212,34,1.4674450920897502,185,n/a,217,0.22,167,6.7,n/a,2161,869,887,179,0,746,1300,350,52.95,178,36.41,41.05,4.78,34.52,5.28,16.2,7.85,8.24,6.04,31.45,48,350,6.48,6,47.05
KAZAKHSTAN,3976,12490,82,54.68,0.8465068410462777,2577,2062,63.1,0.11074326669240277,1.18,64.81,1493,56.11,0.11040309149870561,3.141348088531187,7.92,0.86,144,0.11567904998871141,32.15174547283703,0.88,Country/Region,172,34,0.11088812152059664,35,0.9969282539349139,588,n/a,300,0.15,119,14.79,n/a,2448,729,902,253,0,815,1914,438,51.86,293,37.55,36.85,3.62,33.29,4.33,17.89,7.55,11.97,2.99,18.34,47,315,6.36,6,48.14
NEPAL,3130,12051,83,59.94,1.0483792332268371,2052,2254,60.38,0.08717968429256054,1.25,65.56,1693,49.58,0.10652263055651733,3.8501597444089457,9.23,0.83,216,0.09106524810479545,35.19524984025559,0.89,Country/Region,151,26,0.10699061268572539,28,1.2218744701924484,220,n/a,204,0.29,144,7.03,n/a,2284,1638,768,194,0,709,876,364,72.01,443,54.09,33.63,6.9,31.04,4.82,15.94,6.52,19.4,4.6,52.33,39,289,6.2,9,27.99
UGANDA,3165,11733,84,64.3,1.439621421800948,2596,2281,50.58,0.08815453699231761,1.96,82.02,1531,36.97,0.10371172718609391,3.7071090047393365,9.48,2.05,335,0.09208354960117494,38.528663033175356,1.01,Country/Region,137,65,0.10416736027231067,32,1.1764763417126456,239,n/a,335,0.19,421,7.55,n/a,2643,1771,1139,278,0,934,884,418,72.07,152,48.37,43.09,10.58,35.34,4.33,15.82,10.58,5.75,13.3,55.96,62,300,8.78,6,27.93
SRI LANKA,3374,11724,85,56.28,0.9035810017783047,1809,1729,72.97,0.09397580025658123,1.04,53.62,1209,56.82,0.10363217331711967,3.4748073503260226,8.0,0.83,166,0.09816426425098396,32.94317848251334,0.77,Country/Region,155,28,0.10408745690211971,26,1.1027538263486316,581,n/a,247,0.18,244,17.22,n/a,2284,963,907,199,0,787,1645,351,51.24,239,35.83,39.71,4.92,34.46,4.59,15.37,7.32,10.46,7.23,28.54,35,270,5.9,6,48.76
ICELAND,2158,9881,86,66.91,1.341797358665431,1650,1387,47.5,0.06010663217359285,2.13,76.46,613,39.53,0.08734130881494877,4.578776645041705,13.16,3.06,325,0.06278556083391329,42.97007414272474,1.53,Country/Region,137,66,0.0877250223174552,33,1.4531060160333047,165,n/a,364,0.28,210,7.65,n/a,1844,830,942,312,0,517,771,209,64.27,176,28.41,51.08,15.06,28.04,6.35,11.33,16.87,9.54,9.73,38.46,46,284,14.46,6,35.73
LATVIA,2633,8888,87,58.72,1.060318761868591,1386,1851,62.74,0.0733367759560102,1.52,52.64,1119,53.63,0.0785638652714568,3.375617166729966,10.52,1.9,225,0.07660536685620653,35.58925077857957,0.99,Country/Region,376,50,0.07890901713971682,26,1.0712751446638722,371,n/a,243,0.15,205,14.09,n/a,1684,882,764,131,0,491,782,258,70.3,171,42.5,45.37,8.55,29.16,14.28,15.32,9.23,10.15,7.79,33.5,40,277,4.98,4,29.7
TANZANIA,2658,8478,88,66.63,0.9451679458239278,2142,1848,47.4,0.07403309931297952,1.13,80.59,1299,34.61,0.07493974457374108,3.1896162528216703,8.05,0.98,279,0.07733272506790616,38.68535263355907,0.6,Country/Region,101,26,0.07526897471990539,16,1.0122464852771955,195,n/a,211,0.08,293,7.34,n/a,2150,1357,927,169,2,766,810,320,69.53,137,48.87,43.12,10.5,35.63,3.8,14.88,7.94,6.37,11.02,51.05,30,214,6.36,2,30.47
CAMEROON,2555,8320,89,65.71,0.9069930332681018,1832,1378,66.77,0.07116424708226587,0.94,71.7,959,49.08,0.0735431322073043,3.2563600782778863,8.26,1.49,123,0.07433600923570363,37.070872641878665,0.59,Country/Region,115,38,0.07386622666544149,15,1.03342809377704,252,n/a,227,0.16,131,9.86,n/a,2075,852,703,181,2,736,1177,445,53.93,191,37.53,33.88,4.81,35.47,4.5,21.45,8.88,9.2,5.13,33.35,24,211,7.08,4,46.07
PALESTINE,1367,8224,90,68.54,1.909295757132407,966,773,54.65,0.03807496115908315,3.66,70.67,574,39.5,0.07269455760491232,6.01609363569861,16.9,1.83,66,0.03977194701573654,45.66660358449159,2.41,Country/Region,80,25,0.07301392405007101,33,1.9092483719466733,56,n/a,114,0.66,70,4.1,n/a,1024,445,350,53,5,381,594,202,56.55,91,41.99,34.18,4.83,37.21,5.85,19.73,8.34,8.89,5.12,32.55,50,231,3.88,9,43.45
YEMEN,1478,8160,91,73.88,1.540984709066306,1349,878,47.83,0.04116663686402699,2.84,91.27,751,22.4,0.07212884120331768,5.520974289580514,19.35,0.81,40,0.04300141747568296,49.58377780784845,2.17,Country/Region,46,12,0.07244572230649068,32,1.7521188685283802,2,n/a,50,0.2,41,0.14,n/a,1166,382,406,41,5,492,600,179,59.4,89,50.81,34.82,2.71,42.2,3.11,15.35,3.38,7.63,2.77,25.85,42,286,2.77,3,40.6
URUGUAY,2509,7585,92,55.64,0.9206040653646871,1610,1334,60.5,0.0698830121054423,1.43,64.17,809,47.35,0.06704623290774075,3.0231167795934635,7.05,1.16,137,0.07299767012617629,32.805910920685534,0.96,Country/Region,146,29,0.06734078476651126,24,0.9594067411773651,226,n/a,309,0.16,108,9.01,n/a,1832,701,798,242,1,561,1175,311,53.17,162,32.24,43.56,5.46,30.62,5.82,16.98,12.32,8.84,4.3,27.94,36,177,9.65,4,46.83
REPUBLIC OF GEORGIA,1374,5807,93,59.68,1.3547187045123728,1009,810,42.87,0.03826993169903456,2.77,73.44,432,30.79,0.05132992412593943,4.226346433770015,13.76,2.55,160,0.039975607315012436,38.26348922852984,1.24,Country/Region,75,35,0.051555430077670515,17,1.3412598833364089,89,n/a,338,0.22,216,6.48,n/a,1111,497,547,143,0,270,564,165,58.95,129,31.44,49.23,11.64,24.3,5.46,14.85,24.6,11.61,15.72,36.17,38,189,10.41,3,41.05
BELARUS,2279,5748,94,50.99,0.7622142167617377,1496,1147,54.59,0.06347683722132443,0.79,65.64,734,42.69,0.05080840431821936,2.5221588415971916,7.2,0.83,128,0.06630597457853955,28.531575998244847,0.31,Country/Region,99,19,0.051031619095307415,7,0.8004243207812308,206,n/a,393,0.04,185,9.04,n/a,1646,562,627,186,2,437,1132,223,50.33,359,32.21,38.09,5.62,26.55,4.34,13.55,17.24,21.81,8.12,24.66,18,164,8.16,1,49.67
COSTA RICA,1925,5676,95,54.44,0.9105812987012988,1236,1146,58.81,0.05361689848663866,1.25,64.21,762,40.52,0.05017197336642539,2.9485714285714284,7.38,1.92,117,0.0560065823008726,32.255804623376626,0.57,Country/Region,103,37,0.05039239213377955,11,0.9357492652979216,140,n/a,320,0.21,96,7.27,n/a,1265,616,530,164,0,380,779,201,59.53,154,39.58,41.9,6.08,30.04,5.35,15.89,16.62,12.17,4.99,32.0,24,142,8.52,4,40.47
SUDAN,1634,5537,96,62.48,0.8852389840881274,1400,974,50.18,0.04551169461151563,0.92,85.68,721,31.15,0.04894330805671201,3.3886168910648715,9.42,0.67,85,0.04754013271668874,37.31300483476133,0.8,Country/Region,76,11,0.04915832897194104,13,1.0754006958977989,69,n/a,107,0.0,82,4.22,n/a,1221,631,428,92,5,470,660,199,59.61,124,44.12,35.05,5.2,38.49,4.65,16.3,6.55,10.16,5.02,38.62,15,154,5.63,0,40.39
AZERBAIJAN,1567,5244,97,50.16,1.107529355456286,823,659,66.82,0.04364554801483782,2.36,52.52,432,39.69,0.04635338765566151,3.3465220165922145,9.57,0.57,79,0.04559081270933369,30.485684684109764,2.04,Country/Region,84,9,0.046557030364612395,32,1.0620416002086428,208,n/a,176,0.26,89,13.27,n/a,924,311,309,64,4,268,908,164,42.05,183,27.57,33.44,5.04,29.0,5.36,17.75,11.23,19.81,5.68,19.85,37,150,4.08,4,57.95
MALTA,1280,5205,98,59.84,1.37085609375,837,746,55.7,0.035651755876829866,2.11,65.39,384,40.08,0.04600865422343977,4.06640625,12.81,0.94,106,0.03724074043902178,39.66411390625,1.02,Country/Region,100,12,0.04621078242711814,13,1.2905017745098177,57,n/a,186,0.16,131,4.45,n/a,889,456,399,156,0,291,534,129,58.28,70,30.0,44.88,8.28,32.73,7.81,14.51,14.53,7.87,10.23,35.62,27,164,12.19,2,41.72
PANAMA,965,4896,99,68.91,1.4464898445595857,838,613,41.87,0.026878081579016267,2.69,86.84,302,32.95,0.04327730472199061,5.073575129533679,13.78,2.9,133,0.028076026971606265,43.13717575129534,1.55,Country/Region,81,28,0.04346743338389441,15,1.610133691824837,49,n/a,118,0.52,89,5.08,n/a,850,394,411,97,0,275,352,118,63.52,46,31.3,48.35,13.78,32.35,8.39,13.88,12.23,5.41,9.22,40.83,26,133,10.05,5,36.48
BAHRAIN,1244,4748,100,56.27,1.0969210610932476,913,695,46.22,0.03464905024279403,1.21,73.39,535,49.68,0.04196908554330298,3.8167202572347265,8.2,1.05,46,0.03619334461417429,34.03850683279743,0.96,Country/Region,56,13,0.042153466851864926,12,1.211262220730893,78,n/a,60,0.32,28,6.27,n/a,654,393,227,58,5,249,549,122,55.87,56,43.01,34.71,3.7,38.07,4.5,18.65,4.82,8.56,2.25,31.59,15,102,4.66,4,44.13
MALAWI,1317,4466,101,65.68,1.3632698557327259,1186,955,38.27,0.03668231444514448,1.29,90.05,600,28.09,0.039476397648776564,3.3910402429764614,9.79,1.82,156,0.03831723059233725,38.8568410022779,0.84,Country/Region,55,24,0.03964982791921414,11,1.076169763165037,36,n/a,139,0.08,324,2.73,n/a,1165,717,547,144,0,402,362,132,72.51,84,45.56,46.95,11.85,34.51,4.18,11.33,10.55,7.21,24.6,54.44,17,129,10.93,1,27.49
BOSNIA & HERZEGOVINA,1496,4430,102,50.27,0.885983155080214,998,903,58.76,0.04166798968104491,1.4,66.71,685,42.78,0.03915818217287957,2.9612299465240643,8.56,0.8,75,0.04352511538810671,30.144613970588235,1.07,Country/Region,55,12,0.039330214438450216,16,0.9397665323578818,144,n/a,72,0.2,61,9.63,n/a,1073,467,295,88,0,317,593,261,60.36,200,45.79,27.49,5.01,29.54,3.68,24.32,4.81,18.64,4.08,31.22,21,128,5.88,3,39.64
ZIMBABWE,1382,4317,103,61.87,1.1119965267727931,1079,850,52.6,0.038492755173264746,1.01,78.08,520,35.6,0.038159339151314024,3.1237337192474675,9.12,1.3,143,0.04020836194275632,37.590495947901594,0.65,Country/Region,70,18,0.03832698323494121,9,0.9913382136339697,62,n/a,90,0.0,160,4.49,n/a,1037,537,457,117,0,322,532,165,61.51,93,37.63,44.07,10.35,31.05,5.07,15.91,6.51,8.97,11.58,38.86,14,126,8.47,0,38.49
CUBA,2447,4176,104,35.76,0.4544955046996322,1299,864,71.48,0.06815613018015836,0.65,53.09,570,54.31,0.03691299520405081,1.706579485083776,4.05,0.49,123,0.07119382176116117,19.603521618308132,0.37,Country/Region,69,12,0.037075163768615825,9,0.5415946460938732,175,n/a,192,0.08,45,7.15,n/a,1106,424,388,102,2,346,1583,214,35.31,158,23.29,35.08,5.03,31.28,2.82,19.35,7.85,14.29,1.84,17.33,16,99,4.17,2,64.69
MOZAMBIQUE,858,4076,105,62.82,1.25025,802,574,38.34,0.02389781761118752,1.63,93.47,374,21.79,0.036029063326559176,4.75058275058275,9.91,1.17,91,0.02496293382553179,39.307064918414916,1.52,Country/Region,45,10,0.03618734854427157,13,1.5076298561125736,11,n/a,91,0.35,75,1.28,n/a,748,420,326,64,0,278,284,98,66.9,46,43.59,43.58,10.61,37.17,5.24,13.1,10.61,6.15,8.74,48.95,14,85,7.46,3,33.1
BRUNEI,789,4021,106,71.1,1.1532515842839037,592,388,45.75,0.02197596514595216,1.65,75.03,281,42.46,0.03554290079393877,5.096324461343473,14.07,0.76,37,0.02295542516124077,44.755430038022816,1.52,Country/Region,32,6,0.035699050170882235,12,1.6173533475268347,30,n/a,30,0.38,43,3.8,n/a,537,192,234,38,0,165,401,94,49.18,44,35.61,43.58,4.69,30.73,4.06,17.5,3.8,8.19,5.45,24.33,13,111,4.82,3,50.82
LIBYA,781,4012,107,64.79,1.3381428937259923,670,428,47.63,0.021753141671721973,2.56,85.79,278,25.99,0.03546334692496453,5.137003841229193,12.93,1.15,43,0.022722670533496882,39.96418924455826,2.05,Country/Region,40,9,0.035619146800691254,16,1.6302632263488241,19,n/a,57,0.38,64,2.43,n/a,570,232,227,67,6,190,353,100,54.8,53,35.6,39.82,5.51,33.33,5.12,17.54,7.3,9.3,8.19,29.71,20,101,8.58,3,45.2
RWANDA,942,3887,108,64.23,1.1994256900212317,867,620,45.75,0.02623746409060448,2.65,92.04,424,29.83,0.03435843207809998,4.126326963906582,11.25,2.12,93,0.027406857416842588,39.776340127388536,1.27,Country/Region,37,20,0.034509377770260946,12,1.3095180219952576,18,n/a,80,0.11,58,1.91,n/a,770,433,331,66,0,296,322,113,65.82,30,45.01,42.99,9.87,38.44,3.93,14.68,8.49,3.9,6.16,45.97,25,106,7.01,1,34.18
ZAMBIA,1105,3703,109,64.16,1.044722443438914,983,777,38.55,0.030777492378044533,1.27,88.96,473,28.69,0.03273199742351536,3.351131221719457,8.69,2.53,149,0.03214923295712427,37.83424045248869,0.63,Country/Region,57,28,0.032875797757467524,7,1.063504362911161,29,n/a,74,0.09,148,2.62,n/a,917,561,453,98,0,293,328,122,70.32,49,42.81,49.4,13.48,31.95,5.16,13.3,6.7,5.34,13.39,50.77,14,96,8.87,1,29.68
MACEDONIA,1005,3696,110,55.82,1.2407100497512438,695,570,50.35,0.027992198950167205,2.49,69.15,357,35.92,0.03267012219209095,3.6776119402985072,12.24,0.8,64,0.029239800110325696,35.619068159203984,1.19,Country/Region,65,8,0.032813650691763424,12,1.167115247010482,57,n/a,91,0.1,103,5.67,n/a,718,319,330,84,0,207,435,96,56.72,85,35.52,45.96,6.37,28.83,6.47,13.37,9.05,11.84,10.25,31.74,25,123,8.36,1,43.28
UZBEKISTAN,1336,3558,111,48.95,0.7264340568862276,749,592,66.54,0.037211520196441174,0.97,56.06,357,53.22,0.031450296201152486,2.663173652694611,8.01,0.9,62,0.03887002283322898,29.14129902694611,0.52,Country/Region,72,12,0.03158846568216836,7,0.8451763334345131,184,n/a,165,0.15,57,13.77,n/a,887,216,293,101,0,271,744,134,44.31,189,26.72,33.03,4.64,30.55,5.39,15.11,12.35,21.31,4.27,16.17,13,107,7.56,2,55.69
VENEZUELA,1580,3528,112,44.87,0.6474330379746835,1073,812,58.23,0.04400763616046187,0.63,67.91,535,36.96,0.031185116637904995,2.232911392405063,5.7,0.95,98,0.04596903897941751,26.276997594936713,0.38,Country/Region,68,15,0.03132212111486509,6,0.7086296688192238,60,n/a,158,0.13,41,3.8,n/a,960,394,345,111,1,278,768,170,51.39,167,33.86,35.94,6.2,28.96,4.3,17.71,10.0,17.4,2.59,24.94,10,90,7.03,2,48.61
ARMENIA,1203,3155,113,55.78,0.8421306733167082,810,662,59.68,0.03350707993736432,0.91,67.33,381,39.32,0.027888050734861187,2.622610141313383,7.23,1.33,96,0.035000477146986876,31.635621945137157,0.42,Country/Region,53,16,0.02801057032806104,5,0.8323032262731656,95,n/a,319,0.0,161,7.9,n/a,998,406,402,132,0,257,541,116,55.03,223,31.67,40.28,7.98,25.75,4.41,11.62,26.52,22.34,13.38,33.75,11,87,10.97,0,44.97
CONGO DEMOCRATIC REPUBLIC,895,3122,114,63.58,1.0617232402234638,809,633,47.93,0.024928376179502137,1.34,90.39,430,25.03,0.027596353215288947,3.488268156424581,9.94,1.34,87,0.02603942397884726,37.497502122905026,0.56,Country/Region,40,12,0.027717591304027442,5,1.1070257050268926,11,n/a,98,0.11,61,1.23,n/a,754,493,326,76,0,282,262,105,70.73,41,48.04,43.24,9.72,37.4,4.47,13.93,10.95,5.44,6.82,55.08,12,89,8.49,1,29.27
BOTSWANA,918,3084,115,62.85,1.2269110021786493,713,489,48.69,0.025568993667913924,1.53,77.67,293,40.85,0.027260459101842122,3.3594771241830066,9.15,1.09,65,0.026708593533610932,38.04810849673203,0.65,Country/Region,44,10,0.02738022151877663,6,1.0661529920143393,32,n/a,62,0.11,86,3.49,n/a,711,296,269,87,0,246,429,134,53.27,62,31.92,37.83,7.08,34.6,4.79,18.85,6.75,8.72,9.37,32.24,14,84,9.48,1,46.73
MONACO,313,3060,116,76.68,2.9339172523961663,295,196,30.35,0.008717968429256054,4.79,94.25,75,30.99,0.02704831545124413,9.776357827476039,19.81,0.64,35,0.009106524810479544,53.73719424920128,3.83,Country/Region,43,2,0.027167145864934003,12,3.1025938750219004,1,n/a,52,0.64,40,0.32,n/a,282,130,172,43,0,65,117,24,62.62,21,23.96,60.99,11.18,23.05,13.74,8.51,16.61,7.45,12.78,41.53,15,62,13.74,2,37.38
ALBANIA,771,2785,117,53.18,1.2825793774319068,530,465,49.68,0.02147461232893424,2.72,68.74,285,38.0,0.024617502788142124,3.6121919584954605,13.1,0.78,56,0.022431727248817025,34.6127402075227,1.17,Country/Region,81,6,0.02472565399798732,9,1.1463537693285037,48,n/a,40,0.0,54,6.23,n/a,534,235,262,43,1,149,306,74,60.31,49,36.96,49.06,7.26,27.9,10.51,13.86,5.19,9.18,7.0,30.48,21,101,5.58,0,39.69
BURKINA FASO,834,2769,118,61.63,1.022261990407674,714,587,46.88,0.023229347188496962,0.96,85.61,382,29.14,0.02447607368774346,3.320143884892086,6.83,2.04,103,0.024264669942300126,35.26809736211032,0.72,Country/Region,40,17,0.024583603562092243,6,1.0536703200968072,5,n/a,93,0.12,73,0.6,n/a,674,430,275,62,0,270,247,85,70.38,44,45.8,40.8,12.35,40.06,4.8,12.61,11.15,6.53,8.75,51.56,8,57,7.43,1,29.62
BENIN,841,2703,119,63.26,0.8754964328180738,712,531,52.56,0.023424317728448375,1.31,84.66,361,37.46,0.02389267864859898,3.2140309155766946,8.44,0.95,74,0.024468330241576026,37.017252080856125,0.71,Country/Region,22,8,0.02399764551402504,6,1.0199946451196653,43,n/a,90,0.12,59,5.11,n/a,695,318,260,74,0,238,310,137,63.14,60,42.93,37.41,8.8,34.24,2.62,19.71,10.7,8.63,7.02,37.81,11,71,8.8,1,36.86
SYRIA,812,2650,120,56.77,0.9244980295566503,416,524,65.76,0.022616582634363946,1.35,51.23,444,57.64,0.023424194753528412,3.2635467980295565,10.22,0.49,24,0.023624594716004442,33.53732401477833,1.6,Country/Region,25,4,0.023527103445122585,13,1.0357088483357944,0,n/a,50,0.12,22,0.0,n/a,469,332,140,31,0,169,288,88,64.53,72,54.68,29.85,2.96,36.03,3.08,18.76,6.16,15.35,2.71,40.89,11,83,3.82,1,35.47
SENEGAL,982,2637,121,58.76,0.9811042769857434,779,621,49.08,0.02735158146175541,1.43,79.33,396,34.22,0.0233092836094545,2.685336048879837,9.16,0.71,83,0.02857063055556202,35.16278421588595,0.41,Country/Region,53,7,0.023411687465957835,4,0.8522097211105291,56,n/a,104,0.1,60,5.7,n/a,730,430,323,89,2,256,361,90,63.24,61,40.33,44.25,8.45,35.07,5.4,12.33,10.59,8.36,6.11,43.79,14,90,9.06,1,36.76
MYANMAR,765,2581,122,65.75,1.0118677124183006,683,435,36.86,0.021307494723261603,0.78,89.28,294,29.93,0.022814281758059184,3.373856209150327,10.59,1.18,56,0.02225716127800911,40.26674980392157,0.52,Country/Region,35,9,0.022914510940325056,4,1.0707162927583695,3,n/a,47,0.13,39,0.39,n/a,637,287,260,50,0,218,330,102,56.86,57,38.43,40.82,7.32,34.22,4.58,16.01,6.14,8.95,5.1,37.52,6,81,6.54,1,43.14
MONGOLIA,756,2572,123,62.43,1.0079666666666667,658,458,37.3,0.021056818314752642,1.46,87.04,269,27.91,0.022734727889084934,3.4021164021164023,8.73,1.85,113,0.021995312321797238,36.204100000000004,0.66,Country/Region,32,14,0.022834607570134075,5,1.0796848578570264,40,n/a,103,0.13,28,5.29,n/a,656,270,261,44,0,231,298,109,60.58,55,35.58,39.79,14.95,35.21,4.23,16.62,13.62,8.38,3.7,35.71,11,66,5.82,1,39.42
COTE IVOIRE,802,2442,124,60.1,0.823011970074813,652,484,46.76,0.022338053291576215,1.75,81.3,297,36.16,0.021585616448345807,3.0448877805486285,8.6,5.86,68,0.023333651431324584,34.6501,0.62,Country/Region,41,47,0.02168044777848655,5,0.9663159169060557,0,n/a,83,0.37,75,0.0,n/a,637,308,265,78,0,216,318,91,60.35,65,37.03,41.6,8.48,33.91,5.11,14.29,10.35,10.2,9.35,38.4,14,69,9.73,3,39.65
KYRGYZSTAN,523,2423,125,55.26,1.215237858508604,410,262,39.2,0.014567084627798455,2.1,78.39,166,34.42,0.021417669391622395,4.632887189292543,9.75,1.53,37,0.015216333788756555,34.493905353728486,1.72,Country/Region,25,8,0.02151176288586114,9,1.4702783665271586,27,n/a,47,0.38,34,5.16,n/a,366,135,145,34,0,115,261,50,50.1,56,31.74,39.62,7.07,31.42,4.78,13.66,8.99,15.3,6.5,25.81,11,51,6.5,2,49.9
GAMBIA,349,2336,126,73.64,1.4963249283667621,330,295,29.8,0.009720674063291895,2.58,94.56,187,32.09,0.02064864865820467,6.693409742120344,12.03,4.3,55,0.010153920635327033,43.873269914040115,1.43,Country/Region,16,15,0.020739363640681647,5,2.124199260643868,5,n/a,49,0.86,134,1.43,n/a,313,241,159,37,0,117,54,28,84.53,9,53.58,50.8,15.76,37.38,4.58,8.95,14.04,2.88,38.4,69.05,9,42,10.6,3,15.47
GUATEMALA,528,2215,127,58.14,1.3195280303030303,464,330,29.17,0.01470634929919232,1.89,87.88,192,20.08,0.019579091086439786,4.195075757575758,11.55,1.89,61,0.015361805431096482,36.31543825757576,1.33,Country/Region,41,10,0.019665107219225108,7,1.3313359208403326,6,n/a,38,0.57,66,1.14,n/a,451,216,208,36,1,136,198,67,62.5,40,36.36,46.12,11.55,30.16,7.77,14.86,7.2,8.87,12.5,40.91,10,61,6.82,3,37.5
FIJI,531,2158,128,61.58,1.2149090395480227,402,269,46.33,0.01478990810202864,2.07,75.71,151,39.55,0.019075249916269552,4.064030131826742,13.75,1.32,27,0.015449088416500441,40.67657834274953,0.94,Country/Region,36,7,0.019159052541348885,5,1.2897476971917843,25,n/a,45,0.0,65,4.71,n/a,384,144,198,55,0,123,262,45,50.66,18,28.44,51.56,5.08,32.03,6.78,11.72,8.47,4.69,12.24,27.12,11,73,10.36,0,49.34
MAURITIUS,469,2069,129,65.88,1.1158034115138593,346,213,48.83,0.013063026176744692,1.92,73.77,130,40.3,0.018288550545301995,4.411513859275053,10.66,1.28,36,0.013645240051485322,41.3137315565032,2.13,Country/Region,21,6,0.018368896991682503,10,1.4000240294901942,13,n/a,20,0.21,30,2.77,n/a,332,137,152,26,0,87,256,63,45.42,30,27.72,45.78,7.68,26.2,4.48,18.98,4.26,9.04,6.4,29.21,9,50,5.54,1,54.58
CAMBODIA,604,2000,130,66.23,1.3162826158940397,561,401,33.11,0.016823172304379092,1.99,92.88,265,25.33,0.017678637549832763,3.3112582781456954,8.11,1.66,57,0.0175729743946634,38.56179337748345,0.33,Country/Region,29,10,0.01775630448688497,2,1.0508504121562727,2,n/a,57,0.0,41,0.33,n/a,528,293,227,50,0,186,203,77,66.39,38,43.87,42.99,9.44,35.23,4.8,14.58,9.44,7.2,6.79,48.51,12,49,8.28,0,33.61
MADAGASCAR,535,1988,131,65.79,1.0803044859813085,480,381,34.39,0.014901319839143735,1.87,89.72,207,32.9,0.017572565724533768,3.71588785046729,10.84,1.12,74,0.015565465730372385,39.31213046728972,1.12,Country/Region,32,6,0.01764976665996366,6,1.1792623683153916,19,n/a,98,0.0,43,3.55,n/a,474,259,221,68,0,163,154,56,71.21,34,38.69,46.62,13.83,34.39,5.98,11.81,18.32,7.17,8.04,48.41,10,58,12.71,0,28.79
JAMAICA,412,1973,132,57.52,1.6085536407766992,272,229,56.31,0.011475408922854613,4.37,66.02,145,34.47,0.01743997594291002,4.788834951456311,14.32,2.43,25,0.011986863328810134,37.20877475728156,1.21,Country/Region,27,10,0.017516594376312023,5,1.519769453110841,21,n/a,34,0.24,44,5.1,n/a,306,156,122,32,0,97,183,48,55.58,39,35.19,39.87,6.07,31.7,6.55,15.69,8.25,12.75,10.68,37.86,18,59,7.77,1,44.42
BOLIVIA,521,1965,133,63.15,1.2014614203454894,452,318,36.08,0.014511378759240906,2.69,86.76,179,25.14,0.01736926139271069,3.7715930902111325,13.05,1.34,41,0.015158145131820584,40.44997811900192,1.54,Country/Region,48,7,0.017445569158364486,8,1.196940806306904,5,n/a,54,0.0,27,0.96,n/a,405,207,186,50,0,128,203,59,61.04,32,34.36,45.93,7.87,31.6,9.21,14.57,10.36,7.9,5.18,39.73,14,68,9.6,0,38.96
DOMINICAN REPUBLIC,545,1782,134,57.8,1.1451245871559632,478,308,34.13,0.015179849181931469,1.1,87.71,184,27.34,0.015751666056900992,3.2697247706422017,8.44,3.3,52,0.015856409015052243,34.80423211009174,1.1,Country/Region,30,18,0.015820867297814508,6,1.0376694701058136,6,n/a,44,0.18,34,1.1,n/a,431,206,201,42,0,107,237,79,56.51,44,33.76,46.64,9.54,24.83,5.5,18.33,8.07,10.21,6.24,37.8,6,46,7.71,1,43.49
NAMIBIA,569,1772,135,66.78,0.9427977152899825,477,321,40.25,0.01584831960462203,1.58,83.83,173,31.28,0.01566327286915183,3.114235500878735,8.96,1.58,59,0.016554672898283898,39.085539191564145,0.7,Country/Region,33,9,0.015732085775380083,4,0.9883238892143347,19,n/a,46,0.0,62,3.34,n/a,420,190,176,56,0,132,248,70,56.41,42,30.4,41.9,10.37,31.43,5.8,16.67,8.08,10.0,10.9,33.39,9,51,9.84,0,43.59
AFGHANISTAN,488,1768,136,69.67,1.253097131147541,424,357,45.9,0.013592231928041387,1.43,86.89,271,37.3,0.015627915594052164,3.622950819672131,16.19,0.2,28,0.014198032292377054,43.71838852459016,0.41,Country/Region,30,1,0.015696573166406314,2,1.1497681673464581,0,n/a,20,0.0,10,0.0,n/a,337,223,125,28,0,109,131,70,73.16,33,55.53,37.09,5.74,32.34,6.15,20.77,4.1,9.79,2.05,45.7,7,79,5.74,0,26.84
PARAGUAY,532,1581,137,49.81,0.8775791353383459,389,275,46.62,0.014817761036307414,1.32,73.12,180,35.15,0.0139749629831428,2.9718045112781954,8.27,1.88,26,0.015478182744968426,30.029705075187973,0.75,Country/Region,25,10,0.01403635869688257,4,0.9431224426484178,26,n/a,64,0.0,35,4.89,n/a,369,151,157,44,0,107,257,70,51.69,35,33.83,42.55,4.89,29.0,4.7,18.97,12.03,9.49,6.58,28.38,7,44,8.27,0,48.31
MONTENEGRO,669,1549,138,53.21,0.7173309417040359,456,423,57.4,0.01863361303249936,0.9,68.16,334,30.64,0.013692104782345475,2.3153961136023917,5.98,0.6,41,0.019464105745082477,31.65124544095665,0.45,Country/Region,13,4,0.013752257825092411,3,0.7348067580057999,31,n/a,89,0.0,74,4.63,n/a,508,225,157,35,0,151,246,84,63.23,116,49.93,30.91,6.13,29.72,1.94,16.54,13.3,22.83,11.06,33.63,6,40,5.23,0,36.77
MALI,446,1454,139,62.56,0.8729304932735426,408,316,35.87,0.012422408688332907,0.9,91.48,195,28.48,0.01285236949872842,3.2600896860986546,10.76,4.26,64,0.01297607049672165,37.868895964125564,0.67,Country/Region,18,19,0.012908833361965374,3,1.034611710271562,9,n/a,57,0.0,57,2.02,n/a,396,247,170,39,0,174,130,32,70.85,20,43.72,42.93,14.35,43.94,4.04,8.08,12.78,5.05,12.78,55.38,4,48,8.74,0,29.15
KOSOVO,485,1422,140,54.43,1.0044162886597938,303,304,66.8,0.013508673125205067,2.06,62.47,222,43.09,0.012569511297931097,2.9319587628865977,9.28,0.62,24,0.014110749306973095,32.77450206185567,0.62,Country/Region,25,3,0.012624732490175214,3,0.9304771224701822,16,n/a,24,0.0,27,3.3,n/a,254,137,74,33,0,82,181,54,62.68,44,45.77,29.13,4.95,32.28,5.15,21.26,4.95,17.32,5.57,28.25,10,45,6.8,0,37.32
TRINIDAD & TOBAGO,606,1384,141,51.65,0.6831623762376239,358,312,62.38,0.01687887817293664,1.16,59.08,223,47.52,0.012233617184484274,2.283828382838284,6.93,1.32,25,0.017631163051599372,28.676039933993405,0.33,Country/Region,28,8,0.0122873627049244,2,0.724788523214741,57,n/a,31,0.0,36,9.41,n/a,389,207,150,36,0,117,294,73,51.49,49,36.8,38.56,4.13,30.08,4.62,18.77,5.12,12.6,5.94,34.16,7,42,5.94,0,48.51
MOLDOVA,595,1294,142,46.55,1.3513020168067227,362,249,62.35,0.016572495895870135,1.85,60.84,136,41.18,0.011438078494741799,2.1747899159663864,6.89,1.18,44,0.01731112543845153,26.61504,0.5,Country/Region,23,7,0.011488329003014577,3,0.690184421623068,56,n/a,52,0.17,20,9.41,n/a,405,137,191,46,0,107,346,53,41.85,54,22.86,47.16,7.39,26.42,3.87,13.09,8.74,13.33,3.36,23.03,11,41,7.73,1,58.15
GABON,290,1225,143,68.28,0.9910175862068966,259,215,40.0,0.008077350940844268,1.72,89.31,133,31.72,0.010828165499272568,4.224137931034483,10.34,2.41,34,0.008437355255715873,40.26663551724138,2.07,Country/Region,19,7,0.010875736498217044,6,1.3405589999214247,0,n/a,41,0.34,38,0.0,n/a,263,172,134,29,0,65,75,40,74.14,24,45.86,50.95,11.72,24.71,6.55,15.21,14.14,9.13,13.1,59.31,5,30,10.0,1,25.86
SIERRA LEONE,318,1189,144,61.64,1.0494207547169812,306,240,27.36,0.008857233100649922,1.57,96.23,167,20.44,0.01050995002337558,3.738993710691824,10.38,2.2,35,0.009251996452819473,38.412617295597485,0.63,Country/Region,14,7,0.010556123017453116,2,1.1865951707429248,1,n/a,28,0.31,35,0.31,n/a,264,198,135,24,0,97,78,18,75.47,14,52.52,51.14,11.01,36.74,4.4,6.82,8.81,5.3,11.01,62.26,5,33,7.55,1,24.53
CONGO PEOPLES REP,281,1179,145,70.46,1.0680366548042706,261,224,29.18,0.007826674532335307,1.78,92.88,149,25.62,0.010421556835626414,4.195729537366548,12.46,1.42,36,0.008175506299504,42.410211743772244,0.36,Country/Region,11,4,0.01046734149501869,1,1.331543402318641,0,n/a,37,0.36,38,0.0,n/a,242,176,117,28,0,77,57,31,79.72,17,53.02,48.35,12.81,31.82,3.91,12.81,13.17,7.02,13.52,62.63,5,35,9.96,1,20.28
PAPUA NEW GUINEA,262,1151,146,65.27,1.2000618320610688,240,158,36.26,0.007297468781038613,1.53,91.6,84,23.28,0.010174055909928757,4.393129770992366,12.98,1.53,27,0.00762271405861227,40.343589694656494,1.15,Country/Region,21,4,0.010218753232202301,3,1.3941897136120027,2,n/a,29,0.0,48,0.76,n/a,221,109,93,26,0,66,104,43,60.31,19,32.06,42.08,10.31,29.86,8.02,19.46,11.07,8.6,18.32,41.6,4,34,9.92,0,39.69
NORTH KOREA,310,1028,147,62.26,0.7299654838709677,92,60,86.45,0.008634409626419733,0.65,29.68,40,72.58,0.00908681970061404,3.3161290322580643,6.13,0.32,2,0.009019241825075587,33.48593225806452,0.65,Country/Region,7,1,0.009126740506258876,2,1.052396179214154,0,n/a,14,0.32,3,0.0,n/a,293,14,99,11,0,74,250,73,19.35,47,12.9,33.79,0.65,25.26,2.26,24.91,4.52,16.04,0.97,4.52,2,19,3.55,1,80.65
BARBADOS,241,1026,148,54.77,1.1032087136929463,186,143,40.66,0.006712557161184373,2.07,77.18,92,22.82,0.009069141063064208,4.257261410788382,7.47,1.24,16,0.00701173316078457,33.878543983402494,2.49,Country/Region,21,3,0.00910898420177199,6,1.3510709622715578,3,n/a,25,0.41,16,1.24,n/a,169,97,80,14,0,46,98,31,59.34,12,38.17,47.34,6.64,27.22,8.71,18.34,10.37,7.1,6.64,40.25,5,18,5.81,1,40.66
LAOS,351,997,149,67.24,1.0743991452991453,342,234,22.22,0.00977637993184944,0.85,97.44,169,24.22,0.008812800818591633,2.8404558404558404,9.97,0.85,34,0.010212109292263002,39.65058603988604,0.28,Country/Region,14,3,0.008851517786712159,1,0.901438045577723,2,n/a,27,0.0,21,0.57,n/a,312,174,146,17,0,110,117,34,66.67,22,48.15,46.79,9.69,35.26,3.99,10.9,7.69,7.05,5.98,49.57,3,35,4.84,0,33.33
NIGER,254,916,150,63.39,1.0864157480314962,237,171,35.04,0.007074645306808428,2.36,93.31,115,21.26,0.008096815997823406,3.606299212598425,14.57,0.0,26,0.007389959430868384,39.035552362204726,1.18,Country/Region,13,0,0.008132387454993317,3,1.1444836662032047,1,n/a,25,0.0,29,0.39,n/a,208,113,86,17,0,82,83,24,67.32,16,45.28,41.35,10.24,39.42,5.12,11.54,9.84,7.69,11.42,44.49,6,37,6.69,0,32.68
GUYANA,118,856,151,56.78,2.5277923728813563,101,65,38.98,0.0032866462448952532,5.93,85.59,36,21.19,0.007566456871328423,7.254237288135593,16.1,7.63,11,0.0034331307592223204,36.36562372881356,5.08,Country/Region,11,9,0.0075996983203867685,6,2.3021817097232407,0,n/a,11,1.69,21,0.0,n/a,88,49,46,7,0,22,53,10,55.08,10,30.51,52.27,9.32,25.0,9.32,11.36,9.32,11.36,17.8,41.53,7,19,5.93,2,44.92
HAITI,171,830,152,56.73,1.0870730994152047,160,127,23.98,0.00476285176167024,2.34,93.57,77,19.3,0.007336634583180597,4.853801169590644,7.02,1.75,18,0.004975130168025566,34.85759122807018,2.34,Country/Region,16,3,0.007368866362057263,4,1.5403869257958558,0,n/a,14,0.58,15,0.0,n/a,144,96,72,16,0,45,44,22,74.27,5,45.03,50.0,10.53,31.25,9.36,15.28,8.19,3.47,8.77,56.14,4,12,9.36,1,25.73
SEYCHELLES,114,790,153,71.93,1.5595280701754386,110,85,21.05,0.0031752345077801602,3.51,96.49,35,24.56,0.006983061832183942,6.9298245614035086,15.79,0.0,18,0.0033167534453503776,46.34140614035088,2.63,Country/Region,10,0,0.007013740272319564,3,2.199227116949505,0,n/a,30,1.75,18,0.0,n/a,103,53,57,22,0,30,29,10,74.56,6,30.7,55.34,15.79,29.13,8.77,9.71,26.32,5.83,15.79,46.49,4,18,19.3,2,25.44
GRENADA,336,773,154,53.87,1.0578880952380953,311,195,32.44,0.00935858591766784,0.89,92.56,136,26.19,0.006832793413010363,2.300595238095238,9.82,0.89,25,0.009775694365243217,32.41899642857143,0.3,Country/Region,16,3,0.006862811684181042,1,0.7301095991554561,0,n/a,10,0.0,15,0.0,n/a,226,157,85,18,0,59,141,59,58.04,23,40.48,37.61,7.44,26.11,4.76,26.11,2.98,10.18,4.46,46.73,3,33,5.36,0,41.96
LIECHTENSTEIN,195,764,155,56.92,1.4219676923076923,174,95,44.1,0.005431322184360801,1.03,89.23,33,38.46,0.006753239544036117,3.917948717948718,15.38,5.64,29,0.005673394051257224,36.78148769230769,0.51,Country/Region,14,11,0.0067829083139900595,1,1.2433877635691923,0,n/a,22,0.0,15,0.0,n/a,154,52,80,19,0,32,100,30,48.72,12,16.92,51.95,14.87,20.78,7.18,19.48,11.28,7.79,7.69,26.67,2,30,9.74,0,51.28
GUINEA,211,736,156,55.92,1.0898464454976304,192,142,36.49,0.0058769691328211734,1.42,91.0,97,19.91,0.006505738618338457,3.4881516587677726,8.06,1.42,15,0.006138903306744996,33.71989336492891,0.47,Country/Region,15,3,0.006534320051173669,1,1.1069887337004696,0,n/a,23,0.0,21,0.0,n/a,178,110,70,15,0,73,69,21,67.3,14,45.97,39.33,7.11,41.01,7.11,11.8,10.9,7.87,9.95,52.13,3,17,7.11,0,32.7
NEW CALEDONIA,222,719,157,77.48,0.9335752252252253,206,175,39.64,0.00618335140988768,1.35,92.79,85,38.74,0.006355470199164879,3.2387387387387387,8.56,1.35,22,0.006458940919892839,45.032628378378384,0.45,Country/Region,30,3,0.006383391463035147,1,1.0278358414179674,7,n/a,84,0.0,17,3.15,n/a,213,96,125,38,0,54,47,18,78.83,16,38.29,58.69,9.91,25.35,13.51,8.45,37.84,7.51,7.66,43.24,3,19,17.12,0,21.17
TOGO,278,713,158,56.47,0.7304726618705036,219,168,49.64,0.007743115729498987,0.72,78.78,109,38.85,0.00630243428651538,2.564748201438849,7.55,0.0,20,0.008088223314100043,32.99396402877698,0.72,Country/Region,12,0,0.006330122549574493,2,0.8139403447768403,0,n/a,30,0.0,17,0.0,n/a,219,113,74,27,0,79,110,41,60.43,25,39.21,33.79,7.19,36.07,4.32,18.72,10.79,11.42,6.12,40.65,2,21,9.71,0,39.57
GREENLAND,191,711,159,72.77,1.1980790575916231,173,137,30.37,0.005319910447245707,1.05,90.58,75,30.37,0.006284755648965548,3.722513089005236,14.66,3.14,39,0.005557016737385281,42.791851832460736,0.52,Country/Region,9,6,0.006312366245087607,1,1.1813649329791582,0,n/a,26,0.0,24,0.0,n/a,182,106,85,14,0,55,54,9,71.73,33,39.27,46.7,20.42,30.22,4.71,4.95,13.61,18.13,12.57,55.5,2,28,7.33,0,28.27
BHUTAN,217,664,160,60.37,0.9186170506912442,180,136,57.14,0.006044086738493814,0.92,82.95,102,30.88,0.005869307666544478,3.0599078341013826,11.06,1.38,12,0.006313469277552911,37.63149677419355,0.46,Country/Region,7,3,0.00589509308964581,1,0.971082633404945,0,n/a,13,0.0,12,0.0,n/a,170,89,63,15,0,66,81,16,62.67,25,47.0,37.06,5.53,38.82,3.23,9.41,5.99,14.71,5.53,41.01,2,24,6.91,0,37.33
HONDURAS,272,646,161,57.72,0.7352948529411765,230,169,43.38,0.007575998123826347,0.0,84.56,113,25.37,0.005710199928595983,2.375,6.99,0.37,22,0.007913657343292127,34.19719191176471,0.0,Country/Region,13,1,0.005735286349263846,0,0.7537224581190867,6,n/a,19,0.0,16,2.21,n/a,202,116,91,21,0,65,103,26,62.13,20,41.54,45.05,8.09,32.18,4.78,12.87,6.99,9.9,5.88,42.65,0,19,7.72,0,37.87
TAJIKISTAN,228,620,162,58.77,0.6716964912280702,195,111,34.21,0.0063504690155603205,0.88,85.53,76,34.21,0.005480377640448157,2.719298245614035,7.46,0.0,6,0.006633506890700755,32.015471929824564,1.32,Country/Region,10,0,0.005504454390934341,3,0.8629878560181601,10,n/a,14,0.44,14,4.39,n/a,167,56,56,19,0,48,117,19,48.68,44,33.33,33.53,2.63,28.74,4.39,11.38,6.14,26.35,6.14,24.56,2,17,8.33,1,51.32
ANGOLA,200,619,163,52.5,0.8754135000000001,176,106,45.5,0.0055705868557546665,1.0,88.0,78,27.5,0.005471538321673241,3.095,4.5,3.0,9,0.005818865693597153,29.229563,0.5,Country/Region,5,6,0.005495576238690899,1,0.9822193717383466,7,n/a,16,0.5,9,3.5,n/a,156,74,51,14,0,61,94,29,53.0,15,39.0,32.69,4.5,39.1,2.5,18.59,8.0,9.62,4.5,37.0,2,9,7.0,1,47.0
FRENCH GUIANA,150,550,164,66.0,1.0462453333333335,120,106,56.0,0.0041779401418160006,3.33,80.0,57,44.0,0.00486162532620401,3.6666666666666665,11.33,0.0,14,0.004364149270197864,40.10727933333334,0.67,Country/Region,17,0,0.0048829837338933675,1,1.1636416897277126,2,n/a,30,0.67,7,1.33,n/a,129,79,66,18,0,49,44,7,70.67,7,38.0,51.16,9.33,37.98,11.33,5.43,20.0,5.43,4.67,52.67,5,17,12.0,1,29.33
SAINT KITTS & NEVIS,200,548,165,64.0,0.8153550000000002,190,142,30.0,0.0055705868557546665,1.0,95.0,108,34.0,0.004843946688654177,2.74,7.5,0.5,13,0.005818865693597153,35.5484475,1.0,Country/Region,7,1,0.004865227429406482,2,0.8695576990510726,0,n/a,7,0.0,6,0.0,n/a,158,116,62,14,0,56,58,31,71.0,9,54.0,39.24,6.5,35.44,3.5,19.62,3.5,5.7,3.0,58.0,2,15,7.0,0,29.0
BAHAMAS,138,476,166,68.12,1.3180579710144926,126,74,32.61,0.00384370493047072,2.17,91.3,33,15.22,0.004207515736860198,3.449275362318841,13.77,1.45,12,0.004015017328582036,44.65019202898551,0.0,Country/Region,10,2,0.004226000467878624,0,1.0946510757122356,1,n/a,24,0.0,14,0.72,n/a,128,34,62,19,0,40,64,15,53.62,11,23.91,48.44,8.7,31.25,7.25,11.72,17.39,8.59,10.14,24.64,3,19,13.77,0,46.38
SOLOMON ISLANDS,68,468,167,73.53,1.5163470588235295,67,50,19.12,0.0018939995309565868,2.94,98.53,24,8.82,0.004136801186660867,6.882352941176471,17.65,0.0,14,0.0019784143358230317,47.221291176470594,1.47,Country/Region,5,0,0.004154975249931084,1,2.1841616743017496,0,n/a,10,1.47,18,0.0,n/a,63,38,33,7,0,16,18,11,73.53,3,35.29,52.38,20.59,25.4,7.35,17.46,14.71,4.76,26.47,55.88,2,12,10.29,1,26.47
SWAZILAND,184,453,168,54.89,0.7728652173913043,149,109,46.74,0.005124939907294294,0.0,80.98,69,23.37,0.004004211405037122,2.4619565217391304,8.7,3.8,22,0.0053533564381093805,32.41020054347826,0.0,Country/Region,8,7,0.004021802966279446,0,0.7813187037252775,0,n/a,10,0.0,16,0.0,n/a,130,73,41,10,0,53,75,24,59.24,12,37.5,31.54,11.96,40.77,4.35,18.46,5.43,9.23,8.7,39.67,0,16,5.43,0,40.76
LIBERIA,134,447,169,57.46,0.9922664179104479,124,90,37.31,0.0037322931933556273,1.49,92.54,65,17.91,0.003951175492387623,3.3358208955223883,11.19,3.73,11,0.003898640014710092,37.182785820895525,0.75,Country/Region,9,5,0.003968534052818791,1,1.0586455264076409,1,n/a,12,0.0,13,0.75,n/a,124,72,47,5,0,59,44,10,67.16,8,48.51,37.9,8.21,47.58,6.72,8.06,8.96,6.45,9.7,53.73,2,15,3.73,0,32.84
CAPE VERDE,79,435,170,67.09,1.2099443037974684,76,51,39.24,0.0022003818080230933,2.53,96.2,37,18.99,0.0038451036670886264,5.506329113924051,10.13,1.27,7,0.0022984519489708754,38.85476329113924,1.27,Country/Region,1,1,0.003861996225897481,1,1.7474711220882222,0,n/a,13,1.27,12,0.0,n/a,67,36,31,6,0,20,28,8,64.56,8,46.84,46.27,8.86,29.85,1.27,11.94,16.46,11.94,15.19,45.57,2,8,7.59,1,35.44
EL SALVADOR,197,422,171,50.76,1.5177025380710658,161,98,37.06,0.0054870280529183465,2.03,81.73,60,17.77,0.003730192523014713,2.1421319796954315,8.12,2.03,16,0.005731582708193196,30.593798477157364,0.51,Country/Region,8,4,0.003746580246732729,1,0.6798202026743352,2,n/a,17,0.0,9,1.02,n/a,143,58,67,14,0,40,99,20,49.75,16,30.46,46.85,8.12,27.97,4.06,13.99,8.63,11.19,4.57,29.44,4,16,7.11,0,50.25
NICARAGUA,188,399,172,47.34,0.5931441489361703,155,117,36.17,0.005236351644409387,0.53,82.45,70,22.87,0.003526888191191637,2.122340425531915,8.51,0.53,20,0.005469733751981324,27.979447872340426,0.0,Country/Region,10,1,0.0035423827451335523,0,0.6735392178936519,0,n/a,17,0.0,11,0.0,n/a,137,73,55,17,0,53,71,20,62.23,9,37.23,40.15,10.64,38.69,5.32,14.6,9.04,6.57,5.85,38.83,1,16,9.04,0,37.77
BURUNDI,136,379,173,55.15,0.8285198529411765,120,73,41.18,0.0037879990619131736,1.47,88.24,47,13.24,0.0033501018156933088,2.786764705882353,7.35,1.47,15,0.003956828671646063,32.27661985294118,0.0,Country/Region,3,2,0.003364819700264702,0,0.8843987976072254,0,n/a,11,0.0,10,0.0,n/a,120,54,62,8,0,35,63,14,53.68,9,34.56,51.67,11.03,29.17,2.21,11.67,8.09,7.5,7.35,39.71,2,10,5.88,0,46.32
VATICAN,78,370,174,71.79,1.1535423076923077,64,58,42.31,0.0021725288737443203,1.28,82.05,10,21.79,0.003270547946719061,4.743589743589744,10.26,1.28,5,0.0022693576205028896,49.42801794871795,1.28,Country/Region,30,1,0.0032849163300737202,1,1.5054105776197682,0,n/a,41,0.0,10,0.0,n/a,63,23,51,13,0,9,20,1,74.36,2,12.82,80.95,6.41,14.29,38.46,1.59,52.56,3.17,12.82,29.49,1,8,16.67,0,25.64
MICRONESIA,18,345,175,66.67,4.7245944444444445,16,11,22.22,5.0135281701792E-4,16.67,88.89,5,22.22,0.0030495649773461518,19.166666666666668,33.33,22.22,6,5.236979124237438E-4,48.15842777777778,16.67,Country/Region,0,4,0.0030629625239876578,3,6.082672469031226,0,n/a,3,5.56,8,0.0,n/a,17,9,12,0,0,2,7,3,61.11,0,27.78,70.59,33.33,11.76,0.0,17.65,16.67,0.0,44.44,50.0,3,6,0.0,1,38.89
NETHERLANDS ANTILLES,135,334,176,52.59,0.742982962962963,126,92,29.63,0.0037601461276344,0.0,93.33,56,30.37,0.0029523324708220717,2.474074074074074,5.93,0.74,20,0.0039277343431780775,30.210527407407408,0.74,Country/Region,6,1,0.00296530284930979,1,0.7851642916546586,0,n/a,3,0.0,2,0.0,n/a,83,81,42,10,0,22,43,14,68.15,5,41.48,50.6,14.81,26.51,4.44,16.87,2.22,6.02,1.48,60.0,0,8,7.41,0,31.85
BERMUDA,51,310,177,66.67,1.4577254901960786,49,33,17.65,0.00142049964821744,3.92,96.08,14,15.69,0.0027401888202240785,6.078431372549019,11.76,9.8,11,0.001483810751867274,43.69053725490196,3.92,Country/Region,4,5,0.0027522271954671705,2,1.9290316781582402,0,n/a,6,0.0,11,0.0,n/a,47,17,32,4,0,14,18,1,64.71,0,27.45,68.09,21.57,29.79,7.84,2.13,11.76,0.0,21.57,33.33,2,6,7.84,0,35.29
MALDIVES,100,297,178,68.0,1.8288080000000002,92,67,38.0,0.0027852934278773333,1.0,92.0,46,41.0,0.0026252776761501655,2.97,8.0,3.0,5,0.0029094328467985766,40.841125000000005,1.0,Country/Region,7,3,0.002636811216302418,1,0.9425497686794473,0,n/a,12,0.0,4,0.0,n/a,71,45,25,9,0,27,33,12,67.0,7,46.0,35.21,5.0,38.03,7.0,16.9,12.0,9.86,4.0,45.0,1,8,9.0,0,33.0
CENT AFR REPUBL,66,294,179,68.18,1.3511015151515153,61,40,30.3,0.00183829366239904,4.55,92.42,28,13.64,0.0025987597198254163,4.454545454545454,12.12,0.0,2,0.0019202256788870603,41.86965,1.52,Country/Region,2,0,0.002610176759572091,1,1.4136803999171383,0,n/a,13,0.0,8,0.0,n/a,54,29,26,8,0,14,26,12,60.61,2,42.42,48.15,3.03,25.93,3.03,22.22,19.7,3.7,12.12,43.94,3,8,12.12,0,39.39
SOMALIA,110,293,180,57.27,0.8832045454545455,87,70,48.18,0.003063822770665067,1.82,79.09,54,35.45,0.0025899204010505,2.6636363636363636,6.36,0.0,6,0.0032003761314784336,32.43605818181818,0.0,Country/Region,4,0,0.0026012986073286485,0,0.8453231779096358,0,n/a,4,0.0,7,0.0,n/a,74,51,22,6,0,30,40,15,63.64,7,49.09,29.73,5.45,40.54,3.64,20.27,3.64,9.46,6.36,46.36,2,7,5.45,0,36.36
SAMOA,100,285,181,63.0,0.784332,89,55,32.0,0.0027852934278773333,1.0,89.0,35,19.0,0.002519205850851169,2.85,8.0,1.0,10,0.0029094328467985766,36.879747,1.0,Country/Region,8,1,0.0025302733893811085,1,0.904466949742904,0,n/a,7,0.0,11,0.0,n/a,84,33,39,2,0,27,45,16,55.0,2,35.0,46.43,10.0,32.14,8.0,19.05,7.0,2.38,11.0,33.0,1,8,2.0,0,45.0
CHAD,91,241,182,59.34,0.8791956043956044,87,66,35.16,0.0025346170193683735,1.1,95.6,45,10.99,0.0021302758247548482,2.6483516483516483,8.79,2.2,13,0.0026475838905867044,36.91227472527473,0.0,Country/Region,3,2,0.0021396346906696387,0,0.8404724692039323,0,n/a,5,0.0,9,0.0,n/a,70,43,29,5,0,28,25,8,72.53,5,49.45,41.43,14.29,40.0,3.3,11.43,5.49,7.14,9.89,47.25,1,8,5.49,0,27.47
LESOTHO,134,228,183,52.24,0.4872231343283583,110,69,38.81,0.0037322931933556273,0.0,82.09,43,29.1,0.002015364680680935,1.7014925373134329,1.49,0.75,8,0.003898640014710092,29.89595298507463,0.0,Country/Region,7,1,0.002024218711504887,0,0.5399802685032262,0,n/a,5,0.0,3,0.0,n/a,88,45,26,11,0,31,65,18,51.49,13,32.09,29.55,5.97,35.23,5.22,20.45,3.73,14.77,2.24,33.58,0,2,8.21,0,48.51
GUINEA BISSAU,75,223,184,78.67,0.7017693333333334,73,57,29.33,0.0020889700709080003,0.0,97.33,36,26.67,0.0019711680868063535,2.973333333333333,5.33,1.33,11,0.002182074635098932,45.006613333333334,0.0,Country/Region,3,1,0.0019798279502876745,0,0.9436076247610179,0,n/a,5,0.0,8,0.0,n/a,73,51,39,7,0,15,18,19,76.0,0,48.0,53.42,14.67,20.55,4.0,26.03,6.67,0.0,10.67,68.0,0,4,9.33,0,24.0
BELIZE,82,222,185,57.32,0.7913146341463414,70,42,25.61,0.0022839406108594133,1.22,85.37,28,20.73,0.001962328768031437,2.707317073170732,8.54,6.1,8,0.0023857349343748327,34.16185,1.22,Country/Region,3,5,0.001970949798044232,1,0.8591855491781116,0,n/a,5,0.0,5,0.0,n/a,55,28,22,3,0,25,40,6,51.22,2,34.15,40.0,9.76,45.45,3.66,10.91,6.1,3.64,6.1,34.15,1,7,3.66,0,48.78
SOUTH SUDAN,78,215,186,57.69,0.863573076923077,76,54,30.77,0.0021725288737443203,2.56,97.44,39,19.23,0.0019004535366070221,2.7564102564102564,8.97,0.0,9,0.0022693576205028896,34.72741666666666,0.0,Country/Region,3,0,0.0019088027323401345,0,0.8747656059141896,0,n/a,6,0.0,7,0.0,n/a,62,42,29,3,0,23,24,8,69.23,2,50.0,46.77,11.54,37.1,3.85,12.9,7.69,3.23,8.97,53.85,2,7,3.85,0,30.77
DJIBOUTI,42,204,187,69.05,1.4798404761904762,42,24,35.71,0.00116982323970848,4.76,100.0,16,21.43,0.001803221030082942,4.857142857142857,16.67,0.0,1,0.0012219617956554022,41.50230952380953,2.38,Country/Region,3,0,0.0018111430576622672,1,1.541447433145801,0,n/a,7,0.0,2,0.0,n/a,35,15,17,4,0,11,18,5,57.14,2,38.1,48.57,2.38,31.43,7.14,14.29,16.67,5.71,4.76,35.71,2,7,9.52,0,42.86
MAURITANIA,93,196,188,59.14,0.6377741935483872,87,52,41.94,0.00259032288792592,0.0,93.55,39,27.96,0.0017325064798836107,2.10752688172043,5.38,0.0,3,0.002705772547522676,33.00656666666667,0.0,Country/Region,1,0,0.0017401178397147272,0,0.6688380386704741,1,n/a,12,0.0,2,1.08,n/a,68,38,32,9,0,21,41,12,55.91,3,41.94,47.06,3.23,30.88,1.08,17.65,12.9,4.41,2.15,40.86,0,5,9.68,0,44.09
SAN MARINO,48,189,189,72.92,0.9502479166666666,38,25,43.75,0.0013369408453811201,0.0,79.17,16,14.58,0.0016706312484591963,3.9375,14.58,0.0,2,0.0013965277664633167,49.182408333333335,0.0,Country/Region,3,0,0.0016779707740106297,0,1.2495924963553278,0,n/a,2,0.0,5,0.0,n/a,41,17,17,4,0,17,23,5,52.08,2,33.33,41.46,4.17,41.46,6.25,12.2,4.17,4.88,10.42,35.42,0,7,8.33,0,47.92
ANTIGUA & BARBUDA,58,175,190,58.62,0.6628120689655173,55,46,43.1,0.0016154701881688533,1.72,94.83,36,20.69,0.001546880785610367,3.0172413793103448,5.17,0.0,1,0.0016874710511431744,36.61018448275862,0.0,Country/Region,5,0,0.001553676642602435,0,0.9575421428010175,0,n/a,2,0.0,2,0.0,n/a,23,37,13,4,0,4,12,4,79.31,2,62.07,56.52,1.72,17.39,8.62,17.39,3.45,8.7,3.45,63.79,1,3,6.9,0,20.69
VANUATU,61,175,190,67.21,0.950227868852459,58,39,21.31,0.0016990289910051733,0.0,95.08,16,31.15,0.001546880785610367,2.8688524590163933,11.48,0.0,12,0.0017747540365471318,42.22900819672132,0.0,Country/Region,6,0,0.001553676642602435,0,0.9104499062698198,0,n/a,10,0.0,9,0.0,n/a,56,25,29,5,0,14,22,8,63.93,5,26.23,51.79,19.67,25.0,9.84,14.29,16.39,8.93,14.75,40.98,0,7,8.2,0,36.07
ERITREA,78,129,192,57.69,0.40761025641025644,56,51,66.67,0.0021725288737443203,0.0,71.79,43,25.64,0.0011402721219642132,1.6538461538461537,2.56,0.0,2,0.0022693576205028896,29.46376282051282,0.0,Country/Region,3,0,0.0011452816394040806,0,0.5248593635485137,0,n/a,4,0.0,1,0.0,n/a,59,46,16,3,0,22,27,19,65.38,2,55.13,27.12,2.56,37.29,3.85,32.2,5.13,3.39,1.28,58.97,0,2,3.85,0,34.62
ANDORRA,39,126,193,51.28,0.9034333333333333,34,25,38.46,0.0010862644368721602,2.56,87.18,11,15.38,0.0011137541656394642,3.230769230769231,12.82,0.0,11,0.0011346788102514448,34.21741538461539,0.0,Country/Region,2,0,0.0011186471826737533,0,1.0253066636761665,0,n/a,1,0.0,5,0.0,n/a,28,22,12,1,0,7,14,6,64.1,3,28.21,42.86,28.21,25.0,5.13,21.43,2.56,10.71,12.82,56.41,1,5,2.56,0,35.9
SAINT VINCENT & GRENADINES,32,116,194,65.62,0.8248406250000001,30,23,18.75,8.912938969207467E-4,0.0,93.75,17,12.5,0.0010253609778903003,3.625,9.38,6.25,0,9.310185109755445E-4,40.403631250000004,3.12,Country/Region,4,2,0.0010298656602393285,1,1.1504184887080795,0,n/a,3,0.0,1,0.0,n/a,18,19,10,2,0,3,9,4,71.88,1,53.12,55.56,0.0,16.67,12.5,22.22,9.38,5.56,3.12,59.38,0,3,6.25,0,28.12
SURINAME,83,112,195,49.4,0.41843132530120486,63,43,59.04,0.0023117935451381867,0.0,75.9,31,31.33,9.900037027906349E-4,1.3493975903614457,2.41,1.2,5,0.0024148292628428185,26.499048192771088,0.0,Country/Region,3,1,9.943530512655585E-4,0,0.42824053422618996,1,n/a,4,0.0,7,1.2,n/a,52,37,16,4,0,21,40,9,51.81,6,37.35,30.77,6.02,40.38,3.61,17.31,4.82,11.54,8.43,44.58,0,2,4.82,0,48.19
TIMOR-LESTE,44,106,196,56.82,0.8494977272727273,42,27,29.55,0.0012255291082660267,0.0,95.45,18,20.45,9.369677901411365E-4,2.409090909090909,6.82,0.0,3,0.0012801504525913735,34.12332727272727,0.0,Country/Region,1,0,9.410841378049035E-4,0,0.7645414407715138,0,n/a,3,0.0,2,0.0,n/a,36,19,20,5,0,10,17,5,61.36,1,40.91,55.56,6.82,27.78,2.27,13.89,6.82,2.78,4.55,43.18,0,3,11.36,0,38.64
DOMINICA,25,85,197,56.0,0.639596,24,16,20.0,6.963233569693333E-4,0.0,96.0,9,12.0,7.513420958678925E-4,3.4,4.0,0.0,0,7.273582116996441E-4,31.735992,0.0,Country/Region,4,0,7.546429406926113E-4,0,1.0790132032020607,0,n/a,1,0.0,0,0.0,n/a,18,12,9,3,0,4,9,4,64.0,1,36.0,50.0,0.0,22.22,16.0,22.22,4.0,5.56,0.0,48.0,0,1,12.0,0,36.0
EQUATORIAL GUINEA,25,84,198,60.0,1.134724,25,16,16.0,6.963233569693333E-4,4.0,100.0,10,8.0,7.42502777092976E-4,3.36,12.0,0.0,2,7.273582116996441E-4,35.488612,0.0,Country/Region,1,0,7.457647884491688E-4,0,1.066318930223213,0,n/a,8,0.0,2,0.0,n/a,24,14,5,3,0,17,9,2,64.0,0,40.0,20.83,8.0,70.83,4.0,8.33,32.0,0.0,8.0,56.0,1,3,12.0,0,36.0
TURKMENISTAN,22,79,199,63.64,1.1091363636363638,20,19,31.82,6.127645541330134E-4,0.0,90.91,6,9.09,6.983061832183942E-4,3.590909090909091,13.64,0.0,2,6.400752262956868E-4,49.535495454545455,0.0,Country/Region,6,0,7.013740272319563E-4,0,1.1395995060556525,0,n/a,2,0.0,6,0.0,n/a,13,13,10,5,0,2,3,1,86.36,0,27.27,76.92,9.09,15.38,27.27,7.69,9.09,0.0,27.27,59.09,0,3,22.73,0,13.64
PALAU,33,79,199,57.58,0.751890909090909,31,18,27.27,9.1914683119952E-4,0.0,93.94,10,30.3,6.983061832183942E-4,2.393939393939394,9.09,0.0,4,9.601128394435301E-4,36.83591515151515,0.0,Country/Region,2,0,7.013740272319563E-4,0,0.7597330040371016,0,n/a,6,0.0,5,0.0,n/a,31,11,19,2,0,8,15,2,54.55,2,30.3,61.29,12.12,25.81,6.06,6.45,18.18,6.45,15.15,33.33,0,3,6.06,0,45.45
COMOROS,25,73,201,80.0,0.9313520000000001,24,22,24.0,6.963233569693333E-4,0.0,96.0,16,20.0,6.452702705688959E-4,2.92,8.0,0.0,4,7.273582116996441E-4,46.318356,0.0,Country/Region,0,0,6.481051137713015E-4,0,0.9266819274558875,0,n/a,5,0.0,2,0.0,n/a,22,18,11,2,0,6,3,5,88.0,0,64.0,50.0,16.0,27.27,0.0,22.73,20.0,0.0,8.0,72.0,0,2,8.0,0,12.0
TONGA,24,49,202,66.67,0.5783875,22,17,8.33,6.684704226905601E-4,0.0,91.67,10,4.17,4.3312661997090267E-4,2.0416666666666665,4.17,0.0,4,6.982638832316583E-4,34.217725,0.0,Country/Region,2,0,4.350294599286818E-4,0,0.6479368499620218,0,n/a,2,0.0,7,0.0,n/a,20,10,9,1,0,6,7,5,70.83,0,41.67,45.0,16.67,30.0,8.33,25.0,8.33,0.0,29.17,41.67,0,1,4.17,0,29.17
KIRIBATI,11,49,202,72.73,1.2548000000000001,11,8,0.0,3.063822770665067E-4,0.0,100.0,3,0.0,4.3312661997090267E-4,4.454545454545454,27.27,0.0,2,3.200376131478434E-4,55.16845454545455,0.0,Country/Region,1,0,4.350294599286818E-4,0,1.4136803999171383,0,n/a,2,0.0,4,0.0,n/a,11,4,7,2,0,2,3,1,72.73,1,27.27,63.64,18.18,18.18,9.09,9.09,18.18,9.09,36.36,36.36,0,3,18.18,0,27.27
SAO TOME & PRINCIPE,19,40,204,73.68,0.7206157894736842,19,17,5.26,5.292057512966934E-4,0.0,100.0,9,31.58,3.535727509966553E-4,2.1052631578947367,0.0,0.0,2,5.527922408917295E-4,41.756,0.0,Country/Region,0,0,3.551260897376994E-4,0,0.6681196304656724,0,n/a,4,0.0,1,0.0,n/a,19,12,10,6,0,7,2,1,89.47,1,47.37,52.63,10.53,36.84,0.0,5.26,21.05,5.26,5.26,63.16,0,0,31.58,0,10.53
MARSHALL ISLANDS,9,28,205,77.78,0.716088888888889,9,9,0.0,2.5067640850896E-4,0.0,100.0,4,0.0,2.475009256976587E-4,3.111111111111111,11.11,0.0,4,2.618489562118719E-4,43.76893333333334,0.0,Country/Region,1,0,2.4858826281638964E-4,0,0.9873323427992714,0,n/a,2,0.0,1,0.0,n/a,6,6,5,0,0,1,0,0,100.0,0,44.44,83.33,44.44,16.67,11.11,0.0,22.22,0.0,11.11,66.67,0,1,0.0,0,0.0
SAINT LUCIA,13,26,206,69.23,0.5873153846153846,13,11,15.38,3.620881456240534E-4,0.0,100.0,9,38.46,2.2982228814782596E-4,2.0,7.69,0.0,0,3.782262700838149E-4,31.76869230769231,0.0,Country/Region,1,0,2.3083195832950462E-4,0,0.6347136489423887,0,n/a,0,0.0,1,0.0,n/a,7,9,3,1,0,1,2,3,84.62,0,69.23,42.86,0.0,14.29,7.69,42.86,0.0,0.0,7.69,69.23,0,1,7.69,0,15.38
COOK ISLANDS,6,5,207,50.0,0.23170000000000002,6,4,33.33,1.6711760567264002E-4,0.0,100.0,2,16.67,4.419659387458191E-5,0.8333333333333334,0.0,0.0,0,1.745659708079146E-4,20.493450000000003,0.0,Country/Region,1,0,4.4390761217212426E-5,0,0.264464020392662,0,n/a,3,0.0,0,0.0,n/a,6,1,1,1,0,2,2,3,66.67,0,33.33,16.67,0.0,33.33,16.67,50.0,50.0,0.0,0.0,16.67,0,0,16.67,0,33.33
TUVALU,2,4,208,50.0,0.4295,2,1,50.0,5.570586855754667E-5,0.0,100.0,0,50.0,3.5357275099665535E-5,2.0,0.0,0.0,1,5.818865693597153E-5,31.7124,0.0,Country/Region,0,0,3.5512608973769945E-5,0,0.6347136489423887,0,n/a,0,0.0,0,0.0,n/a,2,0,1,0,0,0,1,1,50.0,0,0.0,50.0,50.0,0.0,0.0,50.0,0.0,0.0,0.0,0.0,0,0,0.0,0,50.0
FRENCH POLYNESIA,2,2,209,50.0,0.32225000000000004,2,0,50.0,5.570586855754667E-5,0.0,100.0,0,0.0,1.7678637549832767E-5,1.0,0.0,0.0,0,5.818865693597153E-5,29.09425,0.0,Country/Region,0,0,1.7756304486884973E-5,0,0.31735682447119434,0,n/a,0,0.0,0,0.0,n/a,2,0,0,0,0,1,2,0,0.0,1,0.0,0.0,0.0,50.0,0.0,0.0,0.0,50.0,0.0,0.0,0,0,0.0,0,100.0
SAINT-MARTIN,2,2,209,100.0,1.3368000000000002,2,1,0.0,5.570586855754667E-5,0.0,100.0,1,0.0,1.7678637549832767E-5,1.0,0.0,0.0,0,5.818865693597153E-5,59.0245,0.0,Country/Region,0,0,1.7756304486884973E-5,0,0.31735682447119434,0,n/a,0,0.0,0,0.0,n/a,2,0,1,0,0,0,1,1,50.0,0,50.0,50.0,0.0,0.0,0.0,50.0,0.0,0.0,0.0,0.0,0,0,0.0,0,50.0
NAURU,1,0,211,0.0,0.0,0,0,100.0,2.7852934278773334E-5,0.0,0.0,0,0.0,0.0,0.0,0.0,0.0,0,2.9094328467985765E-5,0.0545,0.0,Country/Region,0,0,0.0,0,0.0,0,n/a,0,0.0,0,0.0,n/a,0,0,0,0,0,0,1,0,0.0,0,0.0,0.0,0.0,0.0,0.0,0.0,0.0,0.0,0.0,0.0,0,0,0.0,0,100.0
WALLIS & FUTUNA,1,0,211,0.0,0.0,1,0,0.0,2.7852934278773334E-5,0.0,100.0,0,0.0,0.0,0.0,0.0,0.0,0,2.9094328467985765E-5,0.0179,0.0,Country/Region,0,0,0.0,0,0.0,0,n/a,0,0.0,0,0.0,n/a,0,0,0,0,0,0,1,0,0.0,0,0.0,0.0,0.0,0.0,0.0,0.0,0.0,0.0,0.0,0.0,0,0,0.0,0,100.0

Filter Summary:
Dataset: InCites Dataset + ESCI
Schema:  Web of Science
"Time Period:  [2021, 2021]"
Include Early Access documents:  true
Funding Data Source:  All Sources
Location Type:  Country/Region
Domestic/International Collaboration:  All

"Exported date  Jan 24, 2023. "
"InCites dataset updated  2022-12-16. Includes Web of Science content indexed through 2022-11-30. "

